Student_ID,Name,Age,Gender,Attendance,Python,DSA,DBMS,Maths,OS,Projects,Internships,Backlogs,CGPA,Placed,Admission_Date
1528,Arjun Mishra,19.0,Female,45.0,74.0,81.0,100.0,73.0,60.0,6.0,1.0,2.0,7.73,No,2024-12-09
1360,Tanya Gupta,20.0,Male,86.4,49.0,86.0,86.0,86.0,100.0,6.0,1.0,2.0,8.71,Yes,2024-06-24
1448,Ishita Agarwal,20.0,Female,77.6,69.0,76.0,55.0,93.0,84.0,1.0,0.0,3.0,7.65,Yes,2024-09-20
1032,Vivek Singh,18.0,Female,74.3,62.0,76.0,68.0,-8,41.0,0.0,1.0,2.0,8.86,No,2023-08-01
1622,Yash Mishra,19.0,Female,91.2,66.0,67.0,77.0,76.0,98.0,5.0,2.0,0.0,8.45,No,13/03/2025
1591,Tanya Gupta,22.0,Female,88.8,66.0,66.0,57.0,79.0,63.0,3.0,0.0,2.0,5.22,Yes,2025-02-10
1906,Neha Mishra,19.0,Female,82.9,59.0,64.0,57.0,67.0,68.0,6.0,1.0,0.0,8.32,No,2025-12-22
1738,  Rahul Kumar ,22.0,Female,80.3,58.0,52.0,68.0,60.0,80.0,3.0,0.0,2.0,8.11,No,2025-07-07
1077,Nikhil Mishra,21.0,Female,79.8,73.0,87.0,78.0,87.0,72.0,3.0,0.0,3.0,-,Yes,2023-09-15
1949,Aditya Agarwal,21.0,Female,75.0,69.0,56.0,56.0,67.0,80.0,5.0,1.0,3.0,8.49,Yes,2026-02-03
1433,Dev Jain,20.0,Male,84.7,86.0,79.0,58.0,72.0,48.0,0.0,0.0,1.0,7.83,Yes,2024-09-05
1071,Ritik Agarwal,21.0,Female,59.4%,70.0,55.0,89.0,75.0,94.0,1.0,3.0,2.0,6.81, No ,2023-09-09
1681,Priya Kumar,20.0,Female,73.4,77.0,70.0,74.0,75.0,98.0,1.0,3.0,0.0,7.5,No,2025-05-11
1102,Aditya Mishra,22.0,Female,73.4%,77.0,75.0,58.0,89.0,66.0,1.0,0.0,1.0,8.54,Yes,2023-10-10
1846,Rahul Chauhan,19.0,Female,72.4,68.0,45.0,100.0,67.0,64.0,4.0,0.0,,7.9,Yes,2025-10-23
1657,Kavya Mishra,22.0,Female,87.0,84.0,74.0,51.0,60.0,68.0,3.0,0.0,1.0,7.1,No,2025-04-17
1311,Neha Chauhan,22.0,Female,81.2,67.0,62.0,72.0,82.0,98.0,4.0,1.0,2.0,7.4,No,2024-05-06
1345,Dev Yadav,21.0,Male,87.3,77.0,81.0,67.0,72.0,59.0,4.0,3.0,2.0,7.23,Yes,2024-06-09
1838,Ishita Jain,18.0,Female,85.3,73.0,98.0,82.0,72.0,61.0,0.0,2.0,2.0,7.07,No,2025-10-15
1175,Aditya Kumar,22.0,Male,91.5,100.0,-,55.0,82.0,88.0,3.0,1.0,2.0,5.86,Yes,2023-12-22
1097,Pooja Yadav,19.0,Male,76.2,62.0,82.0,76.0,68.0,80.0,6.0,3.0,0.0,6.64,Yes,2023-10-05
1823,Simran Singh,,Female,86.7,83.0,50.0,72.0,66.0,76.0,4.0,2.0,2.0,8.94,No,2025-09-30
1599,Riya Yadav,20.0,Female,70.3,94.0,63.0,71.0,76.0,78.0,4.0,1.0,3.0,8.17,Yes,2025-02-18
1219,Arjun Gupta,21.0,Male,75.9,71.0,63.0,68.0,81.0,77.0,1.0,1.0,3.0,8.29,No,2024-02-04
1421,Sakshi Kumar,19.0,Male,95.9,65.0,78.0,81.0,47.0,75.0,6.0,2.0,3.0,7.73,Yes,2024-08-24
1209,Yash Chauhan,19.0,Female,78.8,55.0,57.0,100.0,81.0,79.0,6.0,2.0,1.0,8.15,Yes,
1775,Neha Sharma,22.0,Male,88.2,74.0,65.0,54.0,83.0,72.0,5.0,0.0,2.0,6.52,No,2025-08-13
1291,Aditya Sharma,19.0,Female,78.3,95.0,47.0,100.0,59.0,78.0,5.0,3.0,0.0,8.29,Yes,2024-04-16
1890,Aditya Yadav,19.0,Female,95.7,62.0,93.0,57.0,64.0,65.0,4.0,2.0,2.0,6.02,No,2025-12-06
1671,  Neha Sharma ,20.0,Male,83.3,68.0,78.0,88.0,62.0,85.0,6.0,3.0,0.0,6.65,Yes,2025-05-01
1904,Sakshi Verma,18.0,Female,81.5,76.0,45.0,63.0,79.0,71.0,5.0,1.0,0.0,7.73,No,2025-12-20
1217,Aman Kumar,20.0,Female,100.0,55.0,59.0,47.0,79.0,41.0,4.0,3.0,1.0,7.65,Yes,2024-02-02
1543,Yash Chauhan,21.0,Female,68.8,90.0,N/A,N/A,54.0,34.0,6.0,1.0,3.0,7.92,Yes,2024-12-24
1330,Harsh Yadav,22.0,Male,83.9,62.0,73.0,78.0,65.0,63.0,1.0,0.0,2.0,7.59,Yes,2024-05-25
1335,  Tanya Chauhan ,20.0,Female,73.2,54.0,96.0,94.0,80.0,73.0,0.0,2.0,0.0,9.15,Yes,2024-05-30
1763,Dev Mishra,21.0,Female,91.2,100.0,44.0,75.0,71.0,78.0,1.0,0.0,3.0,7.17,Yes,2025-08-01
1491,  Shreya Kumar ,21.0,Male,78.1,-,60.0,78.0,85.0,44.0,3.0,1.0,2.0,8.92,Yes,2024-11-02
1351,Sakshi Sharma,20.0,Male,79.7,96.0,66.0,94.0,59.0,95.0,1.0,2.0,1.0,6.03,Yes,2024-06-15
1501,Tanya Gupta,21.0,Female,74.8,60.0,65.0,66.0,58.0,65.0,5.0,2.0,1.0,7.22,No,2024-11-12
1308,Nikhil Agarwal,20.0,Female,77.5,86.0,53.0,73.0,74.0,NA,3.0,3.0,0.0,6.24,No,2024-05-03
1854,Priya Kumar,20.0,Female,90.9,57.0,60.0,84.0,77.0,77.0,2.0,0.0,3.0,8.67,No,2025-10-31
1352,Aman Yadav,21.0,Male,72.0,68.0,87.0,71.0,100.0,79.0,5.0,2.0,1.0,7.49,Yes,2024-06-16
1644,Manish Yadav,21.0,Male,45.0,78.0,42.0,59.0,76.0,43.0,2.0,3.0,2.0,7.24,Yes,2025-04-04
1440,Aman Kumar,18.0,Male,74.6,95.0,90.0,74.0,62.0,53.0,0.0,3.0,1.0,6.86,No,2024-09-12
1820,Varun Yadav,18.0,Male,75.9,72.0,57.0,73.0,54.0,73.0,1.0,3.0,0.0,8.85,Yes,2025-09-27
1834,,20.0,Female,83.6,79.0,66.0,70.0,67.0,97.0,3.0,1.0,0.0,9.07,Yes,2025-10-11
1519,Manish Jain,22.0,Male,99.1,66.0,65.0,65.0,72.0,81.0,6.0,3.0,3.0,7.66,No,2024-11-30
1555,Komal Mishra,18.0,Female,64.2,60.0,71.0,91.0,80.0,60.0,1.0,2.0,0.0,8.56,No,2025-01-05
1290,Nikhil Kumar,18.0,Male,72.4,88.0,76.0,55.0,82.0,38.0,6.0,3.0,3.0,8.7,Yes,2024-04-15
1293,Yash Verma,21.0,Male,70.0,38.0,84.0,60.0,,85.0,3.0,3.0,3.0,7.96,No,2024-04-18
1214,Arjun Yadav,22.0,Male,75.8,90.0,70.0,79.0,66.0,88.0,2.0,1.0,3.0,7.68,Yes,2024-01-30
1967,Ritik Yadav,20.0,Female,100.0,65.0,100.0,72.0,74.0,54.0,4.0,3.0,2.0,7.45,No,2026-02-21
1060,Aditya Singh,22.0,Male,68.1,76.0,75.0,83.0,-,79.0,5.0,2.0,3.0,7.3,Yes,2023-08-29
1693,Karan Singh,21.0,Female,81.0,87.0,60.0,35.0,73.0,80.0,2.0,3.0,1.0,7.98,Yes,2025-05-23
1322,Harsh Kumar,18.0,,82.5,86.0,42.0,81.0,,73.0,2.0,1.0,1.0,8.56,Yes,2024-05-17
1011,Kavya Yadav,18.0,Female,81.5,55.0,45.0,73.0,86.0,33.0,0.0,1.0,0.0,8.63,Yes,2023-07-11
1332,Mehak Verma,22.0,Male,65.2,82.0,47.0,67.0,91.0,60.0,2.0,2.0,0.0,6.11,Yes,2024-05-27
1335,  Tanya Chauhan ,20.0,Female,73.2,54.0,96.0,94.0,80.0,73.0,0.0,2.0,0.0,9.15,Yes,2024-05-30
1919,Harsh Verma,19.0,Male,100.0%,57.0,53.0,52.0,68.0,61.0,2.0,2.0,3.0,9.04,Yes,2026-01-04
1087,Neha Sharma,21.0,Female,69.9,57.0,88.0,65.0,84.0,65.0,5.0,0.0,1.0,7.92,Yes,2023-09-25
1333,Neha Verma,18.0,Female,76.6,58.0,93.0,53.0,72.0,71.0,6.0,3.0,3.0,6.7,Yes,2024-05-28
1744,Neha Verma,22.0, Female ,53.5,60.0,52.0,46.0,73.0,88.0,6.0,3.0,2.0,7.78,Yes,2023/99/99
1451,Shreya Jain,22.0,Male,97.1,88.0,55.0,71.0,58.0,68.0,4.0,2.0,2.0,9.67,Yes,2024-09-23
1469,Nikhil Kumar,20.0,Female,67.2,73.0,56.0,48.0,60.0,92.0,3.0,1.0,1.0,7.7,No,2024-10-11
1306,  Varun Kumar ,20.0,Male,64.1%,73.0,87.0,89.0,78.0,48.0,3.0,0.0,2.0,6.87,No,2024-05-01
1031,Rohan Sharma,22.0,Female,79.4,61.0,61.0,97.0,69.0,89.0,4.0,1.0,3.0,7.67,No,2023-07-31
1559,Karan Chauhan,18.0,Male,62.9,88.0,79.0,52.0,83.0,69.0,5.0,1.0,2.0,8.51,Yes,2025-01-09
1406,Aditi Agarwal,20.0,Male,77.4%,73.0,79.0,84.0,72.0,70.0,1.0,2.0,1.0,6.26,Yes,2024-08-09
1055,Aarav Kumar,22.0,Male,,63.0,51.0,56.0,89.0,61.0,4.0,0.0,2.0,8.04,No,2023-08-24
1024,Tanya Singh,20.0,Male,76.0,75.0,59.0,72.0,61.0,70.0,5.0,3.0,1.0,7.53,No,2023-07-24
1651,Tanya Sharma,19.0,Male,71.8,60.0,74.0,70.0,80.0,-,6.0,3.0,3.0,6.88,Yes,2025-04-11
1482,Karan Sharma,22.0,Male,71.8,69.0,56.0,64.0,78.0,67.0,5.0,0.0,1.0,8.68,Yes,2024-10-24
1004,Neha Chauhan,22.0,Male,68.4,55.0,96.0,91.0,71.0,73.0,2.0,2.0,0.0,8.38,No,2023-07-04
1232,Mehak Sharma,22.0,Male,66.9,90.0,68.0,40.0,67.0,84.0,5.0,1.0,3.0,6.99,Yes,2024-02-17
1356,Dev Jain,19.0,Male,78.8%,60.0,77.0,73.0,53.0,56.0,5.0,2.0,1.0,7.9,Yes,2024-06-20
1674,Vivek Singh,21.0,Male,89.6,86.0,-3,79.0,86.0,72.0,6.0,1.0,1.0,6.57,No,2025-05-04
1757,Shreya Yadav,21.0,Male,69.4,60.0,95.0,78.0,85.0,86.0,0.0,0.0,1.0,9.74,Yes,2025-07-26
1844,Ritik Agarwal,20.0,Female,96.8,62.0,51.0,60.0,58.0,96.0,2.0,2.0,3.0,7.77,No,2025-10-21
1668,Rohan Mishra,22.0,Female,53.4,84.0,80.0,96.0,81.0,64.0,0.0,2.0,1.0,9.44,Yes,2025-04-28
1216,  Aarav Jain ,21.0,Female,51.5,52.0,84.0,78.0,79.0,58.0,1.0,1.0,2.0,8.62,Yes,2024-02-01
1635,Aarav Mishra,19.0,Female,97.8,63.0,59.0,44.0,73.0,97.0,2.0,1.0,2.0,7.72,Yes,2025-03-26
1319,Mohit Agarwal,20.0,,61.9,74.0,81.0,78.0,-,71.0,2.0,0.0,0.0,9.12,Yes,2024-05-14
1987,Ishita Jain,19.0,Male,88.9,90.0,55.0,71.0,60.0,48.0,2.0,0.0,3.0,6.27,No,2026-03-13
1353,Shreya Verma,22.0,Male,85.5,68.0,56.0,52.0,68.0,65.0,4.0,2.0,3.0,7.68,No,2024-06-17
1716,Mehak Kumar,22.0,Male,78.2%,79.0,72.0,54.0,70.0,58.0,0.0,3.0,3.0,7.62,Yes,2025-06-15
1395,Rohan Sharma,18.0,Female,73.3,58.0,69.0,53.0,64.0,57.0,0.0,0.0,3.0,7.26,Yes,2024-07-29
1199,  Ananya Singh ,19.0,Male,87.0%,73.0,83.0,88.0,76.0,70.0,3.0,1.0,3.0,8.05,No,2024-01-15
1595,Mohit Sharma,21.0,Male,82.2,73.0,64.0,N/A,78.0,76.0,1.0,1.0,2.0,9.9,No,2025-02-14
1864,Tanya Sharma,19.0,Male,72.2,100.0,69.0,80.0,70.0,36.0,1.0,3.0,2.0,8.37,Yes,2025-11-10
1925,Karan Singh,20.0,Male,69.2,65.0,56.0,-,64.0,-,0.0,0.0,0.0,7.76,Yes,2026-01-10
1040,Rohan Jain,22.0,Male,79.0,68.0,,79.0,100.0,42.0,4.0,2.0,0.0,6.74,Yes,2023-08-09
1791,  Ishita Singh ,20.0,Female,86.0,59.0,79.0,77.0,74.0,45.0,1.0,3.0,1.0,8.33,Yes,2025-08-29
1315,Mohit Chauhan,19.0,Male,77.7,85.0,75.0,71.0,41.0,72.0,4.0,3.0,3.0,7.73,Yes,2024-05-10
1762,Pooja Chauhan,22.0,,78.9%,85.0,61.0,73.0,71.0,75.0,3.0,1.0,1.0,7.37,Yes,2025-07-31
1581,Simran Kumar,18.0,Female,77.0%,66.0,61.0,42.0,91.0,43.0,3.0,0.0,2.0,8.33,YES,2025-01-31
1067,Priya Verma,21.0,Female,82.3,56.0,62.0,77.0,82.0,84.0,4.0,0.0,2.0,8.23,Yes,2023-09-05
1718,Rohan Singh,21.0,Male,63.4%,54.0,100.0,84.0,85.0,77.0,5.0,1.0,0.0,7.47,No,2025-06-17
1068,Aarav Kumar,18.0,Female,87.2,60.0,59.0,46.0,90.0,82.0,6.0,3.0,2.0,7.13,Yes,2023-09-06
1295,Sakshi Gupta,18.0,Female,63.3,38.0,78.0,73.0,47.0,100.0,5.0,1.0,0.0,7.25,No,2024-04-20
1922,Pooja Jain,22.0,Female,53.4,63.0,51.0,86.0,69.0,94.0,1.0,2.0,0.0,8.1,Yes,2026-01-07
1465,Rohan Singh,19.0,Male,91.4,56.0,57.0,82.0,71.0,65.0,6.0,0.0,2.0,,No,2024-10-07
1108,Tanya Yadav,21.0,Male,71.5,90.0,85.0,45.0,77.0,44.0,2.0,1.0,1.0,6.83,No,2023-10-16
1630,Varun Agarwal,21.0,Female,76.0,74.0,49.0,71.0,56.0,89.0,2.0,1.0,1.0,6.85,Yes,2025-03-21
1577,Aditya Singh,22.0,Male,65.5,77.0,72.0,59.0,59.0,79.0,3.0,3.0,1.0,7.18,Yes,2025-01-27
1255,Komal Chauhan,19.0,Female,74.7,71.0,86.0,68.0,41.0,76.0,0.0,2.0,3.0,7.01,Yes,2024-03-11
1724,Simran Jain,21.0,Male,81.4,71.0,76.0,80.0,53.0,61.0,1.0,1.0,0.0,8.08,Yes,2025-06-23
1930,Rohan Agarwal,19.0,Female,81.2,66.0,76.0,62.0,67.0,66.0,5.0,1.0,2.0,7.18,Yes,N/A
1540,Priya Verma,19.0,Male,73.1,63.0,41.0,56.0,86.0,100.0,2.0,2.0,1.0,7.6,Yes,2024-12-21
1916,Ananya Sharma,18.0,Male,63.4,59.0,75.0,87.0,82.0,66.0,2.0,3.0,3.0,N/A,Yes,2026-01-01
1526,Riya Sharma,22.0,Female,78.4,91.0,83.0,37.0,61.0,73.0,2.0,3.0,1.0,7.65,Yes,2024-12-07
1544,Yash Singh,21.0,Female,81.0,79.0,69.0,70.0,59.0,54.0,5.0,3.0,2.0,6.85,Yes,2024-12-25
1755,,20.0,Male,74.3,81.0,41.0,96.0,97.0,N/A,1.0,2.0,3.0,7.6,Yes,2025-07-24
1101,Mehak Gupta,22.0,Female,80.0,97.0,63.0,81.0,96.0,84.0,3.0,3.0,3.0,7.64,Yes,2023-10-09
1089,Ritik Agarwal,20.0,Male,87.2,90.0,31.0,70.0,99.0,83.0,1.0,3.0,1.0,8.74,No,2023-09-27
1064,Aditya Jain,19.0,Female,100.0,72.0,83.0,76.0,46.0,76.0,6.0,3.0,1.0,7.82,Yes,2023-09-02
1849,Simran Singh,18.0,Female,63.2,66.0,80.0,61.0,72.0,56.0,2.0,3.0,0.0,9.15,Yes,2025-10-26
1894,Kavya Singh,18.0,Male,83.3,83.0,47.0,73.0,83.0,53.0,1.0,0.0,1.0,6.2,Yes,2025-12-10
1140,Priya Mishra,19.0,Female,66.1,59.0,68.0,65.0,70.0,unknown,2.0,2.0,0.0,9.79,,2023-11-17
1604,Shreya Mishra,22.0,Female,59.2,87.0,97.0,59.0,41.0,59.0,3.0,1.0,3.0,8.46,Yes,2025-02-23
1621,Shreya Jain,19.0,Female,74.4,86.0,73.0,67.0,69.0,74.0,6.0,1.0,0.0,8.81,Yes,2025-03-12
1543,Yash Chauhan,21.0,Female,68.8,90.0,N/A,N/A,54.0,34.0,6.0,1.0,3.0,7.92,Yes,2024-12-24
1495,Nikhil Agarwal,18.0,Male,,46.0,45.0,84.0,47.0,86.0,2.0,3.0,0.0,6.28,Yes,2024-11-06
1590,,18.0,Female,93.5%,63.0,78.0,54.0,94.0,93.0,5.0,2.0,1.0,8.14,Yes,2025-02-09
1110,Aarav Sharma,21.0,Female,68.6,63.0,75.0,83.0,75.0,unknown,3.0,3.0,1.0,8.33,Yes,2023-10-18
1963,Manish Singh,19.0,Male,69.4%,66.0,72.0,58.0,80.0,69.0,5.0,3.0,2.0,8.53,Yes,2026-02-17
1248,Neha Gupta,18.0,Female,83.9,75.0,60.0,70.0,62.0,50.0,1.0,3.0,0.0,9.38,Yes,2024-03-04
1923,Tanya Agarwal,21.0,Female,87.8,64.0,74.0,79.0,83.0,85.0,1.0,1.0,0.0,5.36,Yes,2026-01-08
1698,  Mehak Chauhan ,18.0,Male,65.7,85.0,38.0,82.0,72.0,70.0,6.0,3.0,2.0,7.0,Yes,2025-05-28
1487,Rahul Jain,22.0,Female,77.5,59.0,53.0,81.0,61.0,52.0,1.0,2.0,3.0,9.26,Yes,2024-10-29
1137,Varun Sharma,20.0,Female,84.4,62.0,92.0,83.0,52.0,66.0,4.0,3.0,2.0,7.65,Yes,11-14-2023
1933,Vivek Agarwal,18.0,Male,73.6,85.0,50.0,76.0,78.0,31.0,0.0,3.0,3.0,,Yes,2026-01-18
1689,Ritik Mishra,21.0,Female,83.3,47.0,63.0,63.0,73.0,61.0,0.0,1.0,0.0,8.57,Yes,2025-05-19
1759,Manish Agarwal,22.0,Male,89.1,97.0,66.0,70.0,67.0,78.0,1.0,2.0,2.0,-1,No,2025-07-28
1159,Rohan Kumar,18.0,Male,94.7,55.0,43.0,73.0,70.0,47.0,1.0,0.0,2.0,7.2,Yes,2023-12-06
1494,Aditi Jain,21.0,Male,72.9,72.0,78.0,70.0,70.0,68.0,0.0,1.0,1.0,7.09,Yes,2024-11-05
1502,Pooja Yadav,21.0,Female,82.4,54.0,71.0,44.0,76.0,76.0,,2.0,2.0,6.39,Yes,2024-11-13
1683,Rahul Kumar,21.0,M,80.0,71.0,66.0,74.0,62.0,48.0,5.0,2.0,0.0,6.77,Yes,2025-05-13
1974,Aditi Mishra,21.0,Male,91.1,59.0,71.0,77.0,89.0,64.0,4.0,2.0,0.0,8.15,Yes,2026-02-28
1257,Priya Gupta,18.0,Female,75.5,73.0,45.0,76.0,85.0,72.0,2.0,1.0,1.0,8.71,Yes,2024-03-13
1735,Varun Sharma,21.0,Male,76.1,79.0,68.0,79.0,73.0,97.0,6.0,3.0,2.0,9.06,Yes,2025-07-04
1858,Mehak Verma,22.0,Male,97.9,86.0,47.0,70.0,74.0,91.0,6.0,2.0,2.0,,No,2025-11-04
1960,Neha Singh,21.0,Male,74.8,70.0,91.0,64.0,77.0,69.0,3.0,1.0,2.0,7.92,Yes,2026-02-14
1618,Manish Singh,18.0,Male,63.9,85.0,58.0,66.0,75.0,68.0,1.0,1.0,3.0,8.97,No,2025-03-09
1984,Ishita Verma,22.0,Female,80.0,88.0,68.0,77.0,66.0,107,1.0,0.0,3.0,7.24,No,2026-03-10
1902,Rahul Singh,22.0,Female,78.9,85.0,46.0,48.0,83.0,66.0,2.0,1.0,2.0,8.28,No,2025-12-18
1211,Mehak Chauhan,21.0,Female,70.7,74.0,87.0,48.0,60.0,,2.0,3.0,0.0,7.08,Yes,2024-01-27
1169,Ritik Singh,19.0,Female,69.2,78.0,100.0,81.0,71.0,77.0,0.0,2.0,0.0,8.29,Yes,2023-12-16
1940,Karan Kumar,21.0,,59.7,76.0,77.0,70.0,86.0,80.0,0.0,1.0,0.0,8.93,Yes,2026-01-25
1441,Manish Chauhan,22.0,Male,81.7,62.0,40.0,66.0,NA,49.0,5.0,3.0,0.0,5.23,Yes,2024-09-13
1573,Ishita Jain,20.0,Female,82.8,67.0,57.0,59.0,74.0,92.0,6.0,0.0,3.0,5.46,No,2025-01-23
1546,Neha Jain,20.0,Female,99.8,61.0,83.0,80.0,75.0,64.0,4.0,3.0,0.0,9.08,No,2024-12-27
1056,Mohit Mishra,22.0,Male,72.4,69.0,39.0,81.0,100.0,81.0,5.0,1.0,2.0,8.06,Yes,25/08/2023
1121,Riya Yadav,19.0, Male ,81.6,79.0,91.0,52.0,65.0,76.0,0.0,1.0,2.0,7.58,No,2023-10-29
1617,Rahul Mishra,18.0,Male,100.0,49.0,73.0,46.0,82.0,89.0,6.0,2.0,1.0,7.34,Yes,2025-03-08
1026,Mehak Kumar,22.0,Female,71.0,87.0,70.0,70.0,65.0,64.0,2.0,3.0,3.0,6.7,No,2023-07-26
1073,Mohit Verma,21.0,,72.3,73.0,93.0,73.0,85.0,84.0,2.0,0.0,2.0,7.34,No,2023-09-11
1533,Rahul Verma,20.0,Male,67.4,66.0,68.0,69.0,76.0,85.0,5.0,2.0,3.0,6.85,No,2024-12-14
1045,Pooja Kumar,18.0,Male,94.9,70.0,65.0,81.0,77.0,77.0,1.0,0.0,0.0,8.01,Yes,2023-08-14
1297,Shreya Verma,22.0,Male,86.1,62.0,52.0,46.0,66.0,78.0,0.0,3.0,2.0,7.04,Yes,2024-04-22
1200,Yash Jain,19.0,Female,58.5,69.0,74.0,63.0,67.0,88.0,5.0,2.0,0.0,8.75,Yes,2024-01-16
1754,Komal Jain,18.0,Male,82.0,36.0,52.0,76.0,61.0,76.0,5.0,1.0,0.0,7.15,NO,2025-07-23
1794,Harsh Sharma,18.0,Male,79.6,75.0,68.0,54.0,60.0,82.0,1.0,1.0,0.0,7.29,No,2025-09-01
1486,Varun Chauhan,20.0,Female,94.6,56.0,25.0,65.0,47.0,86.0,6.0,3.0,0.0,6.6,Yes,2024-10-28
1210,Aditi Yadav,18.0,Male,93.7,75.0,74.0,unknown,NA,75.0,3.0,3.0,0.0,8.31,No,2024-01-26
1266,Aditya Verma,22.0,Female,54.4,83.0,N/A,75.0,69.0,69.0,2.0,,3.0,10.0,Yes,2024-03-22
1378,Pooja Sharma,21.0,Male,75.1,93.0,54.0,100.0,63.0,61.0,6.0,3.0,0.0,8.35,Yes,2024-07-12
1895,Manish Gupta,18.0,Female,93.3,67.0,62.0,77.0,62.0,86.0,2.0,2.0,0.0,8.46,No,2025-12-11
1789,Mohit Singh,19.0,Female,100.0,89.0,100.0,56.0,58.0,76.0,6.0,1.0,1.0,6.01,No,2025-08-27
1529,Ananya Sharma,22.0,Male,69.0,59.0,65.0,70.0,56.0,41.0,3.0,1.0,0.0,7.19,Yes,2024-12-10
1452,Aditi Sharma,22.0,Female,70.3,58.0,67.0,99.0,73.0,87.0,0.0,1.0,0.0,7.32,Yes,2024-09-24
1596,Tanya Chauhan,20.0,Male,77.7,75.0,66.0,62.0,74.0,84.0,0.0,0.0,1.0,6.67,Yes,2025-02-15
1746,Priya Verma,21.0,Male,65.5,79.0,100.0,58.0,73.0,78.0,0.0,0.0,2.0,7.49,Yes,N/A
1966,Karan Verma,20.0,Male,80.7,78.0,59.0,68.0,77.0,56.0,3.0,0.0,1.0,9.38,Yes,2026-02-20
1527,Riya Jain,22.0,Female,87.4,75.0,56.0,79.0,57.0,67.0,2.0,0.0,3.0,,Yes,2024-12-08
1307,Vivek Kumar,21.0,Male,80.0,95.0,50.0,90.0,83.0,100.0,4.0,3.0,1.0,8.43,Yes,2024-05-02
1320,Manish Chauhan,19.0,Female,80.9,87.0,90.0,78.0,56.0,58.0,6.0,0.0,3.0,N/A,Yes,2024-05-15
1061,Aarav Mishra,20.0,Male,85.5,58.0,,71.0,79.0,54.0,5.0,3.0,1.0,8.48,No,2023-08-30
1483,Aditya Verma,18.0,Female,70.6,62.0,,59.0,64.0,60.0,4.0,3.0,1.0,6.92,Yes,2024-10-25
1855,Ishita Sharma,19.0,Female,70.7,96.0,84.0,62.0,61.0,89.0,5.0,0.0,1.0,5.26,Yes,2025-11-01
1616,Simran Yadav,21.0,Male,85.1,66.0,79.0,60.0,87.0,82.0,1.0,1.0,0.0,6.8,Yes,2025-03-07
1542,Aditi Gupta,19.0,Female,90.6,75.0,82.0,67.0,65.0,55.0,1.0,3.0,0.0,6.88,Yes,2024-12-23
1429,Ishita Verma,20.0,Female,88.3,69.0,77.0,84.0,98.0,N/A,0.0,3.0,2.0,8.56,No,2024-09-01
1185,Yash Chauhan,19.0,Male,56.1,74.0,93.0,42.0,86.0,66.0,6.0,1.0,1.0,7.28,Yes,2024-01-01
1882,Dev Yadav,22.0,Male,62.9,88.0,32.0,unknown,81.0,79.0,0.0,2.0,2.0,5.76,No,2025-11-28
1983,Aditya Agarwal,22.0,Male,82.9,75.0,61.0,61.0,63.0,65.0,1.0,1.0,3.0,6.65,No,2026-03-09
1600,Simran Mishra,21.0,F,83.5,92.0,52.0,74.0,99.0,72.0,2.0,1.0,3.0,7.45, No ,
1907,Harsh Gupta,19.0,Female,65.6,58.0,87.0,91.0,91.0,57.0,4.0,3.0,3.0,7.69,Yes,2025-12-23
1779,Simran Jain,21.0,Male,145,59.0,92.0,-,79.0,71.0,3.0,3.0,0.0,8.35,No,2025-08-17
1262,Kavya Singh,21.0,Female,91.7,88.0,76.0,79.0,63.0,76.0,1.0,1.0,0.0,6.31,No,2024-03-18
1343,Aman Yadav,21.0,Male,100.0,49.0,40.0,34.0,77.0,46.0,6.0,,0.0,8.46,Yes,2024-06-07
1523,Ishita Jain,19.0,Male,86.0,82.0,77.0,73.0,48.0,64.0,2.0,0.0,0.0,8.13,Yes,2024-12-04
1238,Priya Yadav,22.0,,79.7,69.0,78.0,47.0,83.0,60.0,6.0,1.0,3.0,7.95,No,2024-02-23
1111,Komal Singh,22.0,Male,83.5,53.0,99.0,49.0,47.0,77.0,4.0,3.0,0.0,8.22,Yes,2023-10-19
1498,Priya Gupta,21.0,Female,81.8,79.0,86.0,unknown,66.0,89.0,6.0,2.0,1.0,8.2,Yes,2024-11-09
1517,Ishita Verma,19.0,Male,74.1,48.0,57.0,72.0,71.0,76.0,2.0,1.0,2.0,6.52,Yes,2024-11-28
1362,Mehak Singh,21.0,F,64.6,74.0,65.0,63.0,72.0,72.0,4.0,2.0,2.0,7.93,Yes,2024-06-26
1430,Pooja Agarwal,19.0,Female,67.6,73.0,46.0,69.0,67.0,71.0,3.0,0.0,3.0,6.57,Yes,2024-09-02
1931,Aditi Mishra,18.0,Male,88.6,84.0,64.0,61.0,,97.0,4.0,2.0,2.0,6.85,Yes,2026-01-16
1278,Neha Gupta,22.0,Female,94.2,50.0,46.0,,65.0,81.0,3.0,1.0,1.0,6.29,Yes,2024-04-03
1261,Tanya Gupta,21.0,Female,86.8,97.0,49.0,76.0,64.0,67.0,6.0,3.0,2.0,6.33,Yes,2024-03-17
1833,Harsh Chauhan,21.0,Female,63.0,80.0,60.0,67.0,61.0,64.0,1.0,,0.0,7.94,Yes,2025-10-10
1797,Dev Jain,20.0,Male,82.6,67.0,100.0,56.0,63.0,61.0,2.0,2.0,2.0,6.28,Yes,2023/99/99
1645,Komal Gupta,22.0,Female,76.5,75.0,68.0,77.0,66.0,53.0,3.0,3.0,1.0,6.92,Yes,2025-04-05
1405,Shreya Kumar,18.0,Male,100.0,67.0,73.0,72.0,81.0,78.0,1.0,2.0,3.0,8.88,Yes,2024-08-08
1843,Kavya Verma,21.0,Female,72.8,100.0,61.0,58.0,55.0,63.0,3.0,0.0,3.0,6.43,Yes,2025-10-20
1836,Kavya Verma,19.0,Male,70.3,88.0,58.0,73.0,45.0,70.0,2.0,0.0,2.0,7.67,No,2025-10-13
1138,Rahul Sharma,19.0,Female,87.1,66.0,74.0,91.0,64.0,77.0,5.0,1.0,2.0,8.12,,2023-11-15
1535,Karan Yadav,21.0,Male,72.6,66.0,72.0,unknown,89.0,43.0,0.0,3.0,1.0,9.51,No,2024-12-16
1496,Nikhil Verma,22.0,Male,86.6,84.0,49.0,80.0,90.0,38.0,1.0,2.0,0.0,6.92,Yes,2024-11-07
1245,Aditi Gupta,21.0,Female,51.1,76.0,77.0,86.0,61.0,56.0,3.0,3.0,3.0,6.57,Yes,03-01-2024
1771,Harsh Singh,20.0,Female,75.4,79.0,72.0,69.0,59.0,34.0,3.0,2.0,0.0,7.82,No,2025-08-09
1531,Rohan Kumar,21.0,Male,86.5,77.0,71.0,66.0,64.0,77.0,6.0,2.0,3.0,7.24,,2024-12-12
1573,Ishita Jain,20.0,Female,82.8,67.0,57.0,59.0,74.0,92.0,6.0,0.0,3.0,5.46,No,2025-01-23
1828,Priya Kumar,18.0,Female,64.5%,84.0,69.0,82.0,69.0,100.0,0.0,3.0,1.0,6.65,Yes,2025-10-05
1412,Tanya Singh,20.0,Male,94.1,64.0,71.0,83.0,64.0,78.0,1.0,0.0,2.0,6.81,No,2024-08-15
1717,Tanya Chauhan,18.0,Male,84.5,58.0,79.0,63.0,74.0,66.0,4.0,1.0,0.0,7.49,Yes,2025-06-16
1437,Ananya Singh,19.0,Male,67.2,64.0,36.0,67.0,61.0,73.0,3.0,0.0,2.0,7.82,Yes,2024-09-09
1860,Rahul Jain,19.0,Male,79.1,NA,53.0,92.0,94.0,67.0,4.0,3.0,1.0,7.72,No,2025-11-06
1809,Pooja Sharma,21.0,Female,75.9,58.0,44.0,77.0,67.0,91.0,3.0,2.0,0.0,8.3,Yes,2025-09-16
1372,Rahul Chauhan,21.0,Male,84.5,90.0,72.0,68.0,,40.0,6.0,0.0,1.0,6.3,Yes,2024-07-06
1079,Ishita Mishra,20.0,Male,69.5,55.0,64.0,79.0,99.0,82.0,5.0,1.0,0.0,8.58,Yes,2023-09-17
1030,Pooja Verma,19.0,Female,79.9,90.0,41.0,55.0,65.0,63.0,1.0,0.0,2.0,6.66,Yes,2023-07-30
1381,Shreya Sharma,21.0,Female,61.1,70.0,70.0,69.0,96.0,82.0,2.0,2.0,0.0,7.58,YES,2024-07-15
1281,Vivek Agarwal,19.0,Male,83.0,84.0,67.0,50.0,65.0,68.0,1.0,1.0,,9.07,Yes,2024-04-06
1300,Komal Agarwal,21.0,Female,75.8%,65.0,58.0,82.0,68.0,67.0,4.0,1.0,0.0,7.48,No,2024-04-25
1663,Rahul Verma,21.0,Female,85.6,56.0,62.0,86.0,unknown,80.0,4.0,3.0,3.0,8.22,Yes,2025-04-23
1656,Nikhil Verma,22.0,Male,69.0,64.0,85.0,44.0,84.0,82.0,5.0,2.0,0.0,6.78,Yes,2025-04-16
1310,Mohit Chauhan,18.0,Male,88.3,68.0,65.0,88.0,79.0,92.0,2.0,1.0,3.0,6.23,No,2024-05-05
1166,Shreya Yadav,18.0,Male,85.4,68.0,99.0,59.0,77.0,66.0,6.0,3.0,1.0,7.74,No,2023-12-13
1579,Komal Gupta,22.0,Female,56.2,79.0,25.0,75.0,80.0,53.0,4.0,3.0,1.0,6.87,Yes,2025-01-29
1179,Harsh Sharma,20.0,Male,83.3,78.0,54.0,70.0,,81.0,5.0,1.0,1.0,6.59,Yes,2023-12-26
1272,Nikhil Sharma,18.0,Female,93.0,85.0,52.0,82.0,66.0,83.0,3.0,1.0,2.0,7.55,Yes,28/03/2024
1066,Aarav Verma,19.0,Female,100.0,82.0,100.0,66.0,83.0,96.0,2.0,3.0,3.0,6.59,NO,2023-09-04
1142,Ananya Verma,19.0,Male,76.5%%,74.0,93.0,73.0,56.0,43.0,3.0,2.0,3.0,5.74,Yes,2023-11-19
1468,Pooja Agarwal,22.0,Male,73.9,95.0,53.0,53.0,74.0,57.0,5.0,0.0,2.0,7.38,Yes,2024-10-10
1389,Aman Mishra,22.0,Female,56.1,86.0,79.0,81.0,68.0,63.0,3.0,3.0,1.0,7.28,Yes,2024-07-23
1850,Kavya Yadav,22.0,Female,66.0,100.0,53.0,80.0,94.0,63.0,3.0,2.0,0.0,9.58,No,2025-10-27
1426,Kavya Kumar,21.0,Male,75.1,98.0,67.0,64.0,70.0,61.0,6.0,3.0,2.0,6.95,Yes,2024-08-29
1334,Ishita Singh,21.0,Female,69.3,63.0,65.0,-,80.0,60.0,2.0,3.0,1.0,8.92,No,2024-05-29
1685,Varun Chauhan,22.0,Male,61.3,64.0,75.0,77.0,81.0,58.0,5.0,3.0,0.0,8.18,No,2025-05-15
1888,Vivek Singh,22.0,Male,67.5,66.0,47.0,78.0,55.0,66.0,0.0,2.0,1.0,8.75,No,2025-12-04
1424,Sakshi Chauhan,19.0,Female,84.6,73.0,68.0,,60.0,53.0,4.0,1.0,0.0,6.98,No,2024-08-27
1973,Tanya Gupta,22.0,Male,59.6,69.0,88.0,59.0,91.0,99.0,5.0,1.0,1.0,8.69,Yes,2026-02-27
1222,Varun Singh,22.0,M,85.7,87.0,58.0,89.0,71.0,90.0,1.0,0.0,3.0,8.93,No,2024-02-07
1276,,19.0,Female,100.0,79.0,71.0,72.0,91.0,77.0,3.0,1.0,0.0,10.0,Yes,2024-04-01
1236,Karan Kumar,22.0,Male,69.0,63.0,42.0,59.0,63.0,93.0,3.0,2.0,2.0,8.77,No,2024-02-21
1328,Vivek Yadav,,Female,94.4%,72.0,76.0,56.0,77.0,53.0,2.0,2.0,0.0,7.43,No,2024-05-23
1193,Sakshi Jain,18.0,Male,85.9%,68.0,60.0,42.0,58.0,75.0,5.0,0.0,2.0,9.7,No,2024-01-09
1530,Priya Singh,22.0,Male,76.9,82.0,35.0,73.0,58.0,89.0,3.0,2.0,0.0,7.18,No,2024-12-11
1050,Riya Jain,18.0, Male ,74.0,68.0,71.0,45.0,59.0,71.0,3.0,0.0,2.0,8.41,Yes,2023-08-19
1991,Arjun Singh,20.0,Male,80.5,62.0,62.0,91.0,70.0,70.0,0.0,0.0,0.0,8.44,Yes,2026-03-17
1003,Harsh Kumar,21.0,male,82.6,59.0,72.0,60.0,89.0,57.0,6.0,1.0,2.0,8.31,Yes,2023-07-03
1941,Manish Singh,18.0,Male,69.6,49.0,76.0,63.0,96.0,68.0,1.0,0.0,3.0,8.13, No ,2026-01-26
1788,Nikhil Verma,22.0,Male,58.0,70.0,55.0,68.0,58.0,79.0,2.0,2.0,3.0,6.59,Yes,2025-08-26
1927,Ananya Kumar,18.0,Female,60.9,64.0,87.0,81.0,74.0,67.0,2.0,3.0,1.0,8.24,Yes,2026-01-12
1250,Nikhil Chauhan,21.0,Male,65.3,58.0,54.0,68.0,65.0,93.0,0.0,0.0,3.0,6.98,Yes,03-06-2024
1553,    Rahul Kumar  ,19.0,Female,96.9,100.0,47.0,74.0,69.0,65.0,4.0,2.0,2.0,9.66,Yes,2025-01-03
1950,Rohan Yadav,19.0,Female,79.8,65.0,68.0,65.0,68.0,NA,1.0,2.0,0.0,7.73,No,2026-02-04
1777,Ananya Singh,18.0,Female,94.6,96.0,85.0,62.0,82.0,58.0,3.0,0.0,1.0,6.56,No,2025-08-15
1095,Aarav Verma,22.0,Male,91.5,80.0,64.0,43.0,67.0,38.0,3.0,2.0,1.0,6.71,No,2023-10-03
1034,Rahul Yadav,19.0,Male,85.1,77.0,75.0,84.0,79.0,90.0,3.0,3.0,2.0,7.21,No,2023-08-03
1260,Rahul Sharma,19.0,Male,64.6,49.0,66.0,87.0,61.0,68.0,2.0,1.0,0.0,9.29,Yes,2024-03-16
1205,Rohan Verma,19.0,Male,76.7,52.0,51.0,77.0,74.0,73.0,0.0,2.0,3.0,6.69,Yes,2024-01-21
1347,Vivek Verma,21.0,Male,100.0,90.0,45.0,92.0,69.0,74.0,0.0,1.0,3.0,7.67,Yes,2024-06-11
1594,Priya Jain,19.0,Male,84.3,81.0,65.0,83.0,65.0,26.0,2.0,0.0,1.0,7.29,No,2025-02-13
1329,Tanya Verma,19.0,Male,100.0,87.0,100.0,67.0,83.0,51.0,5.0,3.0,3.0,7.29,No,2024-05-24
1078,Ishita Gupta,18.0,Female,85.6,55.0,58.0,70.0,69.0,56.0,3.0,3.0,0.0,5.99,Yes,2023-09-16
1085,Aditi Chauhan,18.0,Male,88.1,74.0,54.0,64.0,60.0,61.0,2.0,3.0,1.0,7.24,Yes,2023-09-23
1409,Aman Singh,19.0,Female,78.0,53.0,86.0,,63.0,63.0,4.0,3.0,1.0,7.98,No,2024-08-12
1083,Aman Yadav,22.0,Female,100.0,66.0,69.0,67.0,75.0,71.0,2.0,1.0,1.0,7.72,Yes,2023-09-21
1371,Priya Agarwal,18.0,Male,100.0,74.0,50.0,96.0,74.0,39.0,0.0,1.0,3.0,7.31,No,2024-07-05
1937,Aman Singh,19.0,Male,82.7,78.0,78.0,48.0,92.0,44.0,0.0,0.0,1.0,9.75,Yes,
1896,Ritik Verma,18.0,Female,69.5,76.0,68.0,97.0,76.0,75.0,0.0,2.0,3.0,9.12,No,2025-12-12
1536,Tanya Jain,20.0,Male,76.4,52.0,51.0,63.0,86.0,42.0,3.0,1.0,1.0,8.6,Yes,2024-12-17
1383,Rahul Agarwal,18.0,Male,97.1,88.0,96.0,72.0,93.0,51.0,2.0,1.0,3.0,9.16,Yes,2024-07-17
1719,Tanya Yadav,20.0,female,72.6,98.0,75.0,56.0,81.0,unknown,1.0,1.0,2.0,7.86,No,2025-06-18
1299,Aditya Agarwal,20.0,Male,90.1,64.0,68.0,55.0,66.0,67.0,5.0,3.0,1.0,7.15,Yes,
1006,Simran Jain,21.0,Male,73.1,62.0,81.0,91.0,79.0,39.0,3.0,2.0,3.0,8.53,No,2023-07-06
1431,Nikhil Mishra,20.0,Male,72.1,80.0,68.0,55.0,91.0,83.0,2.0,1.0,0.0,7.87,No,2024-09-03
1605,Yash Sharma,22.0,Female,89.8,54.0,76.0,30.0,70.0,73.0,3.0,3.0,1.0,7.07,Yes,2025-02-24
1098,Kavya Agarwal,22.0,Female,83.0,62.0,86.0,70.0,100.0,-4,4.0,2.0,3.0,8.08,Yes,2023-10-06
1287,Dev Gupta,21.0,Female,78.1,57.0,67.0,81.0,80.0,55.0,2.0,2.0,0.0,7.32,No,2024-04-12
1382,Ishita Sharma,21.0,Female,73.5,51.0,99.0,93.0,72.0,44.0,5.0,2.0,1.0,8.05,No,2024-07-16
1891,Sakshi Chauhan,21.0,Male,73.3,55.0,69.0,86.0,58.0,67.0,0.0,2.0,3.0,7.4,No,2025-12-07
1282,Aman Agarwal,20.0,Male,74.4,46.0,60.0,80.0,84.0,84.0,3.0,1.0,2.0,7.48,Yes,2024-04-07
1267,Aarav Sharma,19.0,Male,48.8,79.0,65.0,100.0,81.0,57.0,1.0,3.0,0.0,7.39,Yes,2024-03-23
1449,Mehak Agarwal,18.0,Female,73.6,46.0,70.0,57.0,91.0,69.0,0.0,1.0,1.0,6.55,Yes,2024-09-21
1708,Aditya Mishra,,Female,55.9,84.0,74.0,62.0,74.0,79.0,1.0,2.0,1.0,8.89,No,2025-06-07
1324,Karan Sharma,20.0,Male,78.4,100.0,43.0,60.0,62.0,82.0,6.0,2.0,0.0,10.0,No,2024-05-19
1409,Aman Singh,19.0,Female,78.0,53.0,86.0,,63.0,63.0,4.0,3.0,1.0,7.98,No,2024-08-12
1899,Arjun Verma,18.0,Female,76.3,97.0,98.0,50.0,79.0,52.0,4.0,2.0,1.0,7.38,No,2025-12-15
1539,Aman Kumar,22.0,Female,91.3,72.0,49.0,62.0,49.0,59.0,3.0,1.0,2.0,8.33,Yes,2024-12-20
1119,Rahul Yadav,18.0,Female,77.3,74.0,40.0,75.0,54.0,63.0,5.0,1.0,2.0,7.86,Yes,10-27-2023
1694,Ishita Agarwal,20.0,Female,80.3,68.0,89.0,63.0,unknown,82.0,1.0,0.0,1.0,8.27,Yes,2025-05-24
1251,Mohit Yadav,19.0,Male,86.6,82.0,49.0,76.0,75.0,65.0,0.0,2.0,3.0,7.33,NO,2024-03-07
1665,Rohan Gupta,22.0,Male,80.0,74.0,55.0,42.0,60.0,75.0,3.0,2.0,0.0,9.59,No,2025-04-25
1667,Shreya Kumar,19.0,Male,54.1,57.0,89.0,59.0,72.0,56.0,0.0,3.0,2.0,7.81,Yes,2025-04-27
1010,Aman Singh,19.0,Female,91.3,63.0,75.0,47.0,67.0,86.0,4.0,1.0,0.0,7.84,Yes,2023-07-10
1197,Harsh Chauhan,20.0,Female,70.1,70.0,72.0,61.0,63.0,65.0,3.0,1.0,3.0,7.14,Yes,2024-01-13
1713,Rahul Agarwal,18.0,Female,76.7,86.0,100.0,91.0,67.0,61.0,1.0,3.0,0.0,6.99,Yes,2025-06-12
1082,Mohit Agarwal,21.0,Male,99.3,56.0,77.0,83.0,64.0,89.0,6.0,1.0,3.0,8.59,No,2023-09-20
1584,Arjun Jain,18.0,Female,100.0%,83.0,93.0,84.0,81.0,82.0,5.0,0.0,0.0,9.28,Yes,2025-02-03
1508,Mehak Verma,20.0,Male,97.5,51.0,81.0,87.0,80.0,73.0,0.0,,2.0,7.95,No,2024-11-19
1669,Dev Singh,22.0,Female,85.1,76.0,41.0,64.0,67.0,87.0,5.0,3.0,0.0,8.29,Yes,2025-04-29
1240,Ananya Chauhan,20.0,Male,56.4,83.0,55.0,73.0,74.0,53.0,6.0,,2.0,6.4,Yes,2024-02-25
1313,Nikhil Singh,18.0,Female,83.7,76.0,100.0,71.0,71.0,61.0,,3.0,2.0,7.54,No,2024-05-08
1212,Shreya Sharma,22.0,Female,77.4,86.0,100.0,59.0,67.0,60.0,2.0,0.0,0.0,5.98,Yes,2024-01-28
1862,Arjun Jain,18.0,Female,85.8,87.0,,42.0,84.0,85.0,5.0,1.0,3.0,6.3,Yes,2025-11-08
1169,Ritik Singh,19.0,Female,69.2,78.0,100.0,81.0,71.0,77.0,0.0,2.0,0.0,8.29,Yes,2023-12-16
1480,Pooja Yadav,20.0,Male,87.5,69.0,80.0,58.0,73.0,80.0,5.0,1.0,2.0,7.16,Yes,2024-10-22
1228,Priya Chauhan,21.0,Male,99.8%,88.0,78.0,82.0,94.0,80.0,2.0,2.0,2.0,6.97,Yes,2024-02-13
1911,Tanya Kumar,21.0,Male,83.0,81.0,41.0,100.0,75.0,58.0,1.0,3.0,0.0,7.44,Yes,2025-12-27
1363,Tanya Kumar,21.0,Male,98.4,68.0,90.0,63.0,96.0,62.0,5.0,3.0,2.0,7.74,No,2024-06-27
1968,Riya Yadav,19.0,Female,60.8,92.0,52.0,83.0,67.0,54.0,2.0,3.0,3.0,7.98,No,2026-02-22
1178,Priya Jain,22.0,Female,85.9,91.0,63.0,82.0,73.0,40.0,4.0,3.0,2.0,5.72,Yes,2023-12-25
1885,Rahul Kumar,18.0,Male,62.2,100.0,86.0,48.0,70.0,85.0,2.0,1.0,2.0,7.59,No,2025-12-01
1939,Simran Sharma,20.0,Male,72.5,67.0,64.0,62.0,79.0,64.0,1.0,0.0,1.0,7.43,Yes,2026-01-24
1500,Rahul Gupta,21.0,Female,98.5,85.0,,67.0,52.0,85.0,3.0,0.0,1.0,7.55,Yes,2024-11-11
1680,Aditya Gupta,20.0,Female,68.0,81.0,50.0,95.0,67.0,50.0,0.0,2.0,2.0,7.87,No,2025-05-10
1484,Mohit Agarwal,20.0,Female,65.3,67.0,73.0,93.0,70.0,62.0,3.0,0.0,2.0,NA,Yes,2024-10-26
1008,Karan Jain,21.0,Male,77.6,NA,84.0,59.0,77.0,53.0,6.0,0.0,3.0,6.83,Yes,2023-07-08
1156,Ananya Agarwal,19.0,Male,52.6,53.0,91.0,94.0,66.0,88.0,0.0,2.0,2.0,7.35,Yes,2023-12-03
1558,Neha Verma,18.0,Male,69.7%,65.0,25.0,72.0,43.0,70.0,2.0,3.0,2.0,8.13,Yes,2025-01-08
1666,Varun Kumar,19.0,Male,73.2,69.0,71.0,43.0,65.0,62.0,3.0,1.0,3.0,6.2,No,2025-04-26
1514,Sakshi Sharma,20.0,Male,100.0,83.0,97.0,99.0,85.0,100.0,6.0,0.0,2.0,8.52,No,2024-11-25
1425,Sakshi Gupta,20.0,Male,94.3,71.0,60.0,67.0,78.0,62.0,5.0,,3.0,8.35,Yes,2024-08-28
1800,Neha Gupta,22.0,Male,66.9,63.0,36.0,52.0,63.0,84.0,1.0,2.0,0.0,6.54,NO,2025-09-07
1585,Nikhil Chauhan,20.0,Female,93.8%,60.0,80.0,67.0,68.0,65.0,2.0,2.0,2.0,unknown,Yes,2025-02-04
1358,Tanya Kumar,19.0,Male,67.3,72.0,77.0,61.0,94.0,72.0,4.0,1.0,1.0,7.55,Yes,2024-06-22
1597,Riya Yadav,21.0,Male,86.0,75.0,88.0,59.0,76.0,89.0,0.0,0.0,3.0,7.38,Yes,2025-02-16
1959,Mehak Yadav,19.0,Female,74.4%,90.0,86.0,68.0,73.0,87.0,6.0,2.0,3.0,7.64, No ,2026-02-13
1586,Rohan Chauhan,18.0,Male,86.7,56.0,59.0,72.0,79.0,87.0,3.0,3.0,0.0,7.57,No,2025-02-05
1446,Rohan Singh,21.0,Female,53.1,96.0,-,81.0,72.0,76.0,6.0,3.0,0.0,8.07,no,2024-09-18
1852,Dev Chauhan,19.0,Female,73.2,67.0,68.0,82.0,68.0,75.0,1.0,2.0,0.0,8.3,No,2025-10-29
1602,Aman Chauhan,20.0,Male,60.2,66.0,44.0,56.0,79.0,84.0,3.0,0.0,3.0,7.93,Yes,2025-02-21
1729,Nikhil Jain,20.0,Female,65.2,67.0,60.0,84.0,79.0,75.0,6.0,0.0,1.0,9.08,Yes,2025-06-28
1479,Pooja Gupta,19.0,Male,82.6,unknown,50.0,81.0,74.0,59.0,4.0,1.0,2.0,6.86,No,2024-10-21
1897,Varun Mishra,19.0,Female,65.5,66.0,89.0,76.0,53.0,62.0,5.0,2.0,3.0,7.72,No,2025-12-13
1229,Aman Mishra,20.0,Male,85.1,57.0,62.0,59.0,71.0,70.0,4.0,1.0,2.0,6.76,No,2024-02-14
1867,Aman Chauhan,22.0,Male,94.7,72.0,80.0,75.0,81.0,53.0,4.0,3.0,0.0,9.97,No,2025-11-13
1750,Harsh Sharma,20.0,Male,73.3,72.0,60.0,54.0,73.0,82.0,6.0,1.0,2.0,8.03,No,2025-07-19
1213,Varun Chauhan,19.0,Female,82.4,65.0,100.0,55.0,76.0,58.0,6.0,2.0,1.0,7.68, Yes ,2024-01-29
1080,Ritik Verma,22.0,Female,77.5,67.0,61.0,74.0,73.0,67.0,5.0,3.0,0.0,8.22,Yes,2023-09-18
1149,Arjun Jain,18.0,Male,95.8,76.0,77.0,72.0,86.0,100.0,3.0,3.0,1.0,7.89,No,2023-11-26
1303,Pooja Kumar,22.0,Male,69.9,59.0,58.0,72.0,57.0,77.0,2.0,1.0,2.0,5.6,No,2024-04-28
1799,Mohit Agarwal,20.0,Female,70.4,NA,62.0,66.0,61.0,81.0,5.0,0.0,1.0,7.53,No,2025-09-06
1634,Sakshi Mishra,18.0,Male,82.9,70.0,57.0,86.0,87.0,70.0,4.0,0.0,2.0,6.83, Yes ,2025-03-25
1524,Rahul Gupta,19.0,Male,83.6,43.0,73.0,84.0,100.0,83.0,5.0,2.0,0.0,8.69,Yes,2024-12-05
1366,Sakshi Agarwal,22.0,Female,74.1,72.0,56.0,87.0,64.0,66.0,6.0,1.0,1.0,9.19,No,2024-06-30
1044,Aman Singh,22.0,Male,66.6,63.0,67.0,74.0,61.0,76.0,1.0,0.0,1.0,7.52,No,N/A
1847,Riya Jain,19.0,Male,57.9,67.0,49.0,72.0,57.0,76.0,4.0,0.0,3.0,7.68,Yes,2025-10-24
1134,Ananya Mishra,19.0,Female,77.0,72.0,38.0,58.0,92.0,57.0,5.0,0.0,2.0,7.01,Yes,2023-11-11
1568,Shreya Singh,21.0,Female,96.1,78.0,50.0,56.0,59.0,,5.0,2.0,1.0,7.75,No,2025-01-18
1312,Priya Verma,22.0,Male,73.7,64.0,100.0,64.0,84.0,81.0,0.0,2.0,3.0,8.41,Yes,2024-05-07
1627,Mehak Singh,19.0,Male,57.0,71.0,52.0,76.0,66.0,68.0,4.0,0.0,3.0,7.51,Yes,2025-03-18
1598,Komal Jain,20.0,Male,86.4,62.0,66.0,66.0,79.0,51.0,5.0,3.0,0.0,8.24,No,2025-02-17
1811,Vivek Chauhan,22.0,,75.4,53.0,64.0,75.0,66.0,71.0,6.0,2.0,0.0,7.12,Yes,2025-09-18
1001,Neha Gupta,19.0,Female,71.0,64.0,74.0,58.0,60.0,78.0,5.0,0.0,1.0,7.64,Yes,2023-07-01
1317,Harsh Yadav,22.0,Male,82.7,68.0,50.0,72.0,67.0,51.0,5.0,2.0,1.0,8.39,No,2024-05-12
1868,Vivek Yadav,20.0,Female,74.4,70.0,63.0,72.0,56.0,55.0,0.0,2.0,2.0,8.04,,2025-11-14
1955,Rahul Sharma,22.0,Female,72.7,49.0,73.0,84.0,65.0,82.0,6.0,1.0,2.0,8.57,Yes,2026-02-09
1552,Aarav Mishra,22.0,Male,67.0,70.0,,53.0,77.0,83.0,6.0,2.0,3.0,9.28,Yes,2025-01-02
1549,Aarav Mishra,21.0,Male,94.1,69.0,75.0,76.0,70.0,58.0,3.0,0.0,1.0,7.29,No,
1948,Riya Sharma,20.0,Male,81.7,64.0,88.0,54.0,77.0,81.0,0.0,3.0,1.0,7.74,Yes,2026-02-02
1399,Rahul Jain,18.0,Female,88.2,87.0,67.0,57.0,79.0,49.0,6.0,1.0,2.0,8.29,No,2024-08-02
1173,Vivek Verma,19.0,Female,92.9,90.0,76.0,62.0,51.0,74.0,5.0,3.0,3.0,,Yes,2023-12-20
1126,Varun Mishra,19.0,Female,81.7,61.0,74.0,67.0,68.0,77.0,1.0,1.0,1.0,7.37,Yes,2023-11-03
1423,Mohit Jain,20.0,Female,87.7,74.0,79.0,68.0,71.0,62.0,1.0,2.0,1.0,4.68,NO,2024-08-26
1450,Pooja Agarwal,18.0,Male,56.0,56.0,45.0,65.0,72.0,65.0,6.0,3.0,3.0,7.48,Yes,22/09/2024
1588,Aditi Singh,20.0,Male,59.6%,70.0,25.0,86.0,87.0,96.0,6.0,0.0,3.0,5.64,No,2025-02-07
1926,Varun Mishra,22.0,Female,75.0,72.0,73.0,86.0,73.0,69.0,3.0,1.0,3.0,8.05,Yes,2026-01-11
1091,Ananya Mishra,21.0,Male,64.4,77.0,98.0,72.0,60.0,60.0,5.0,1.0,3.0,7.43,No,2023-09-29
1964,Mohit Mishra,20.0,Male,88.8,89.0,68.0,74.0,65.0,98.0,2.0,3.0,2.0,7.82,Yes,02-18-2026
1182,Varun Kumar,22.0,Male,60.5,40.0,74.0,57.0,87.0,100.0,5.0,2.0,2.0,8.21,No,2023-12-29
1364,Riya Gupta,19.0,Male,77.8,71.0,47.0,48.0,79.0,43.0,4.0,1.0,2.0,5.92,Yes,2024-06-28
1275,Mohit Chauhan,19.0,Male,81.7,75.0,98.0,61.0,75.0,57.0,0.0,1.0,2.0,7.92,Yes,2024-03-31
1918,Pooja Singh,21.0,Male,74.9,77.0,,96.0,55.0,87.0,2.0,1.0,3.0,6.42,No,2026-01-03
1070,Rohan Mishra,22.0,Female,80.2,93.0,64.0,52.0,94.0,81.0,5.0,1.0,2.0,7.53,Yes,2023-09-08
1292,Nikhil Mishra,20.0,Male,79.2,94.0,65.0,86.0,67.0,61.0,2.0,1.0,1.0,6.36,No,2024-04-17
1132,Yash Singh,22.0,Female,79.5,89.0,80.0,57.0,73.0,78.0,4.0,3.0,2.0,8.07,Yes,2023-11-09
1301,Neha Gupta,19.0, Male ,105,75.0,N/A,65.0,69.0,96.0,3.0,1.0,3.0,9.2,Yes,2024-04-26
1454,Aarav Jain,17.0,Male,49.1,97.0,85.0,89.0,84.0,63.0,6.0,1.0,0.0,8.96,No,2024-09-26
1327,Yash Gupta,21.0,Male,86.9%,51.0,67.0,48.0,67.0,70.0,,0.0,1.0,7.89,No,2024-05-22
1145,Shreya Jain,20.0,Male,82.9,80.0,65.0,34.0,91.0,63.0,,0.0,3.0,8.74,Yes,2023-11-22
1545,Karan Jain,19.0,Female,58.1,69.0,45.0,58.0,75.0,61.0,5.0,3.0,3.0,8.8,Yes,2024-12-26
1961,Arjun Mishra,21.0,Male,95.9,67.0,73.0,80.0,64.0,79.0,2.0,0.0,3.0,9.32,No,2026-02-15
1661,Ananya Verma,20.0,Male,79.1,83.0,71.0,65.0,64.0,44.0,6.0,0.0,2.0,7.92,No,2025-04-21
1136,Dev Agarwal,19.0,Male,71.1,66.0,53.0,63.0,77.0,71.0,1.0,1.0,1.0,7.94,No,N/A
1436,Yash Verma,19.0,Female,95.4,38.0,63.0,71.0,81.0,66.0,6.0,0.0,0.0,6.02,Yes,2024-09-08
1165,Shreya Mishra,22.0,Male,77.9,57.0,80.0,88.0,89.0,84.0,5.0,1.0,3.0,9.08,No,2023-12-12
1029,Aditya Jain,22.0,Female,68.3,56.0,62.0,80.0,72.0,69.0,4.0,2.0,3.0,9.61,Yes,2023-07-29
1793,Rohan Gupta,20.0,Female,71.0,51.0,82.0,72.0,37.0,86.0,0.0,1.0,2.0,6.44,Yes,2025-08-31
1194,Aarav Agarwal,20.0,Female,84.5,74.0,60.0,82.0,58.0,53.0,5.0,1.0,3.0,8.88,No,2024-01-10
1753,Pooja Jain,20.0,Male,68.4,37.0,51.0,78.0,94.0,37.0,0.0,2.0,1.0,8.19,Yes,2025-07-22
1658,,22.0,Female,85.2,86.0,60.0,93.0,62.0,86.0,1.0,1.0,2.0,9.16,No,2025-04-18
1818,Varun Gupta,20.0,Female,64.5,67.0,81.0,70.0,83.0,43.0,3.0,1.0,0.0,5.23,Yes,2025-09-25
1170,Aman Sharma,22.0,Female,80.9,78.0,74.0,71.0,97.0,56.0,6.0,1.0,0.0,7.78,Yes,2023-12-17
1760,Aditya Chauhan,21.0,M,78.4,75.0,67.0,69.0,73.0,78.0,3.0,3.0,0.0,5.74,Yes,2025-07-29
1141,Riya Agarwal,18.0,Female,84.3,47.0,67.0,74.0,51.0,73.0,6.0,0.0,0.0,7.72,YES,2023-11-18
1174,Sakshi Sharma,19.0,Female,55.0,86.0,63.0,49.0,61.0,46.0,0.0,3.0,2.0,7.9,Yes,2023-12-21
1007,Aman Gupta,21.0,Female,48.9,55.0,unknown,78.0,66.0,81.0,4.0,,0.0,7.89,Yes,2023-07-07
1813,Simran Yadav,22.0,Male,91.6,72.0,69.0,72.0,66.0,53.0,5.0,2.0,3.0,7.04,Yes,2025-09-20
1756,Nikhil Kumar,22.0,Male,80.9,92.0,70.0,87.0,60.0,90.0,5.0,3.0,3.0,8.24,No,2025-07-25
1670,Neha Chauhan,21.0,Male,81.2,75.0,78.0,72.0,66.0,64.0,2.0,1.0,1.0,8.54,Yes,2025-04-30
1074,Neha Sharma,18.0,Male,73.2%,61.0,48.0,50.0,55.0,74.0,6.0,1.0,1.0,7.19,No,2023-09-12
1704,Riya Yadav,18.0,Female,63.0,53.0,61.0,77.0,84.0,49.0,3.0,2.0,1.0,7.51,No,2025-06-03
1443,  Aman Yadav ,21.0,Male,81.4,91.0,64.0,96.0,85.0,91.0,4.0,1.0,3.0,7.43,No,N/A
1239,  Harsh Mishra ,21.0,Female,62.5,89.0,N/A,83.0,80.0,,4.0,2.0,2.0,7.59,No,2024-02-24
1146,Aarav Jain,18.0,Male,84.3,55.0,39.0,99.0,79.0,44.0,5.0,1.0,3.0,7.82,No,2023-11-23
1814,Neha Jain,21.0,Female,87.0,69.0,85.0,69.0,N/A,84.0,1.0,0.0,0.0,6.58,No,21/09/2025
1235,Dev Agarwal,19.0,Male,86.5,84.0,56.0,77.0,78.0,87.0,4.0,1.0,0.0,8.01,Yes,2024-02-20
1221,Nikhil Jain,20.0,Male,67.6,71.0,75.0,58.0,70.0,74.0,3.0,3.0,0.0,6.98,No,2024-02-06
1507,Rahul Jain,20.0,Female,75.3,100.0,49.0,40.0,81.0,59.0,0.0,1.0,2.0,9.26,,2024-11-18
1679,Nikhil Mishra,18.0,female,80.3,86.0,53.0,85.0,78.0,44.0,0.0,3.0,2.0,7.56,No,2025-05-09
1133,Nikhil Chauhan,22.0,Male,87.9%,100.0,77.0,56.0,48.0,unknown,1.0,0.0,3.0,7.54,Yes,2023-11-10
1454,Aarav Jain,17.0,Male,49.1,97.0,85.0,89.0,84.0,63.0,6.0,1.0,0.0,8.96,No,2024-09-26
1751,Mohit Agarwal,21.0,Male,100.0,100.0,46.0,70.0,69.0,80.0,5.0,1.0,2.0,6.32,No,2025-07-20
1676,Pooja Kumar,20.0,,90.5,75.0,87.0,69.0,67.0,85.0,0.0,0.0,3.0,6.88,Yes,2025-05-06
1186,Shreya Chauhan,22.0,Male,68.9,70.0,69.0,51.0,94.0,88.0,5.0,1.0,0.0,7.74,Yes,2024-01-02
1042,Tanya Agarwal,18.0,Female,74.7,51.0,45.0,89.0,94.0,69.0,5.0,2.0,0.0,7.69,Yes,2023-08-11
1631,Sakshi Gupta,19.0,Male,94.2,70.0,89.0,91.0,72.0,70.0,2.0,0.0,,N/A,Yes,2025-03-22
1109,Nikhil Kumar,19.0,Male,90.4,-,48.0,73.0,88.0,86.0,1.0,3.0,2.0,6.11,no,2023-10-17
1654,Neha Jain,18.0,Female,78.6,100.0,77.0,72.0,71.0,69.0,5.0,0.0,0.0,8.54,No,2025-04-14
1057,Mehak Agarwal,18.0,Female,55.3,82.0,79.0,55.0,82.0,66.0,6.0,3.0,2.0,7.39,Yes,2023-08-26
1434,Vivek Jain,19.0,female,85.3,58.0,55.0,50.0,67.0,42.0,0.0,0.0,0.0,7.85,No,2024-09-06
1785,Yash Singh,22.0,Female,55.8,52.0,77.0,64.0,93.0,71.0,5.0,1.0,0.0,7.4,Yes,2025-08-23
1582,Varun Chauhan,22.0,Male,84.5,70.0,56.0,-,83.0,64.0,0.0,3.0,2.0,8.06,No,2025-02-01
1883,Komal Mishra,21.0,Male,88.2,57.0,54.0,64.0,56.0,87.0,4.0,2.0,0.0,8.04,Yes,2025-11-29
1025,Mehak Agarwal,19.0,Female,82.5,74.0,73.0,100.0,71.0,55.0,3.0,,3.0,6.05,Yes,2023-07-25
1817,Yash Mishra,19.0,Male,86.4,70.0,67.0,57.0,65.0,70.0,4.0,2.0,0.0,8.23,No,2025-09-24
1786,Aarav Chauhan,18.0,Male,88.0,66.0,51.0,81.0,88.0,57.0,5.0,1.0,3.0,6.9,Yes,2025-08-24
1548,Harsh Yadav,22.0,Male,100.0,68.0,57.0,61.0,67.0,86.0,0.0,,2.0,8.84,Yes,2024-12-29
1639,Komal Singh,21.0,Male,94.7,38.0,73.0,59.0,94.0,80.0,,1.0,3.0,9.34,Yes,2025-03-30
1715,Mohit Sharma,19.0,Male,82.0%,75.0,N/A,70.0,52.0,32.0,1.0,2.0,1.0,7.41,Yes,2025-06-14
1951,Shreya Gupta,21.0,Female,79.7,54.0,71.0,57.0,60.0,76.0,4.0,3.0,3.0,7.17,No,2026-02-05
1339,Ananya Agarwal,18.0,Male,94.5,70.0,73.0,41.0,46.0,88.0,,2.0,1.0,,Yes,2024-06-03
1052,Kavya Verma,21.0,Female,91.2,89.0,50.0,74.0,84.0,81.0,4.0,0.0,3.0,6.87,no,2023-08-21
1384,Ananya Sharma,18.0,Female,97.6,100.0,90.0,90.0,89.0,94.0,5.0,2.0,2.0,7.7,Yes,2024-07-18
1532,Kavya Agarwal,18.0,Male,95.9%,58.0,57.0,92.0,75.0,100.0,2.0,2.0,3.0,7.86,No,2024-12-13
1944,Aarav Yadav,20.0,Female,72.4,80.0,83.0,56.0,86.0,72.0,6.0,1.0,3.0,8.88,Yes,2026-01-29
1653,Tanya Singh,21.0,Female,80.1,82.0,73.0,52.0,66.0,42.0,0.0,2.0,1.0,8.48,Yes,2025-04-13
1265,Simran Kumar,21.0,Male,75.8,87.0,57.0,62.0,94.0,73.0,5.0,2.0,3.0,7.35,No,2024-03-21
1848,Yash Kumar,20.0,Male,70.1,68.0,NA,34.0,NA,73.0,5.0,0.0,0.0,6.72,No,2025-10-25
1732,Aarav Chauhan,22.0,Male,76.6,83.0,47.0,57.0,94.0,63.0,4.0,3.0,2.0,8.47,No,2025-07-01
1931,Aditi Mishra,18.0,Male,88.6,84.0,64.0,61.0,,97.0,4.0,2.0,2.0,6.85,Yes,2026-01-16
1445,Riya Chauhan,22.0,Male,71.9,80.0,45.0,64.0,73.0,46.0,6.0,0.0,2.0,9.13,Yes,2024-09-17
1396,Komal Gupta,19.0,Female,95.6,79.0,50.0,91.0,78.0,77.0,2.0,2.0,2.0,8.32,Yes,2024-07-30
1534,Ananya Sharma,18.0,Female,95.5,70.0,96.0,67.0,89.0,89.0,1.0,3.0,2.0,7.25,Yes,2024-12-15
1478,Riya Singh,18.0,Male,72.0,57.0,64.0,54.0,82.0,82.0,2.0,2.0,2.0,6.66,No,2024-10-20
1019,Ananya Kumar,19.0,Female,82.7,48.0,41.0,64.0,65.0,84.0,0.0,0.0,2.0,8.88,Yes,2023-07-19
1737,Riya Chauhan,18.0,Male,77.5,98.0,84.0,72.0,71.0,85.0,6.0,2.0,3.0,6.53,Yes,2025-07-06
1515,Mehak Yadav,22.0,Male,73.7,81.0,79.0,55.0,76.0,69.0,0.0,3.0,3.0,9.16,No,2024-11-26
1981,Rohan Singh,20.0,Male,63.3,68.0,70.0,66.0,53.0,76.0,4.0,0.0,3.0,unknown,No,2026-03-07
1463,Komal Mishra,22.0,Female,96.9,63.0,53.0,55.0,46.0,67.0,1.0,2.0,0.0,8.36,Yes,2024-10-05
1368,Varun Verma,22.0,Female,81.6,78.0,68.0,57.0,89.0,77.0,2.0,0.0,2.0,9.05,Yes,2024-07-02
1084,Tanya Gupta,18.0,Male,83.2,69.0,92.0,61.0,80.0,92.0,6.0,1.0,3.0,8.32,Yes,2023-09-22
1062,Nikhil Jain,19.0,Male,63.3%%,57.0,96.0,54.0,86.0,70.0,6.0,1.0,1.0,6.63,No,2023-08-31
1126,Varun Mishra,19.0,Female,81.7,61.0,74.0,67.0,68.0,77.0,1.0,1.0,1.0,7.37,Yes,2023-11-03
1273,Mehak Jain,19.0,Female,78.6,73.0,99.0,72.0,63.0,64.0,4.0,3.0,0.0,8.7,Yes,2024-03-29
1286,Sakshi Verma,20.0,Male,90.2,71.0,54.0,76.0,71.0,73.0,3.0,2.0,3.0,8.84,No,2024-04-11
1361,Mehak Jain,19.0,Male,85.8,70.0,62.0,58.0,67.0,73.0,4.0,0.0,2.0,8.45,Yes,2024-06-25
1355,Yash Chauhan,20.0,Female,86.4,62.0,65.0,73.0,85.0,36.0,4.0,2.0,1.0,6.87,Yes,2024-06-19
1989,Aman Mishra,21.0,Female,77.2,101,58.0,56.0,84.0,37.0,3.0,0.0,2.0,6.74,Yes,2026-03-15
1279,Mehak Kumar,19.0,Female,75.8,94.0,60.0,83.0,77.0,89.0,3.0,2.0,3.0,6.01,No,2024-04-04
1013,Aarav Chauhan,18.0,Female,74.6,77.0,51.0,54.0,68.0,100.0,5.0,1.0,1.0,7.13,Yes,2023-07-13
1183,Nikhil Sharma,18.0,Female,83.9,78.0,67.0,51.0,67.0,46.0,5.0,3.0,2.0,7.49,No,2023-12-30
1369,Harsh Yadav,18.0,Female,45.0,62.0,68.0,51.0,83.0,72.0,6.0,2.0,2.0,8.83,Yes,2024-07-03
1520,Mohit Kumar,18.0,Male,65.1,84.0,54.0,70.0,64.0,65.0,6.0,2.0,2.0,7.95,No,2024-12-01
1636,Komal Jain,18.0,Male,100.0,36.0,78.0,82.0,60.0,67.0,3.0,0.0,1.0,7.48,Yes,2025-03-27
1224,Aditi Verma,20.0,Female,76.0%,42.0,95.0,90.0,50.0,73.0,2.0,0.0,1.0,6.61,Yes,2024-02-09
1592,  Dev Gupta ,21.0,Female,62.6,82.0,,75.0,75.0,91.0,2.0,2.0,1.0,unknown,Yes,2025-02-11
1914,Arjun Verma,20.0,Female,99.9,72.0,87.0,89.0,67.0,66.0,1.0,1.0,3.0,8.06,Yes,2025-12-30
1697,Simran Gupta,20.0,,86.3,66.0,61.0,59.0,57.0,77.0,1.0,1.0,0.0,6.69,Yes,2025-05-27
1733,Vivek Gupta,22.0,Male,65.0,68.0,48.0,54.0,89.0,50.0,0.0,1.0,2.0,7.53,Yes,2025-07-02
1466,Mehak Yadav,22.0,Male,100.0,90.0,60.0,78.0,74.0,52.0,5.0,3.0,0.0,7.91,Yes,2024-10-08
1603,Rohan Gupta,19.0,Female,71.3,80.0,59.0,64.0,70.0,86.0,5.0,1.0,1.0,9.08, No ,2025-02-22
1629,Neha Sharma,22.0,Male,70.0,53.0,69.0,76.0,63.0,88.0,6.0,3.0,2.0,7.13,No,2025-03-20
1177,Tanya Agarwal,20.0,Male,83.8,-,59.0,92.0,65.0,61.0,2.0,2.0,2.0,7.3,Yes,24/12/2023
1686,Shreya Jain,19.0,Female,85.6,73.0,70.0,87.0,92.0,79.0,0.0,2.0,2.0,6.71,No,2025-05-16
1893,Shreya Chauhan,20.0,Male,86.7,80.0,72.0,47.0,72.0,68.0,1.0,0.0,1.0,N/A,Yes,2025-12-09
1606,Shreya Mishra,19.0,Female,82.3%,97.0,68.0,44.0,61.0,70.0,1.0,2.0,3.0,6.71,Yes,02-25-2025
1457,Pooja Jain,18.0,Male,79.2,83.0,51.0,63.0,66.0,53.0,4.0,2.0,0.0,6.11,Yes,2024-09-29
1537,Simran Agarwal,22.0,Male,85.0,82.0,84.0,52.0,70.0,70.0,6.0,3.0,0.0,6.74,Yes,2024-12-18
1394,Rohan Agarwal,21.0,Male,79.1,83.0,78.0,87.0,57.0,83.0,2.0,3.0,1.0,6.61,Yes,2024-07-28
1164,Dev Verma,22.0,Female,75.4,53.0,71.0,67.0,82.0,51.0,1.0,0.0,1.0,8.53,NO,2023-12-11
1249,Aarav Kumar,22.0,Female,80.1,56.0,83.0,70.0,77.0,68.0,2.0,3.0,0.0,7.52,Yes,2024-03-05
1835,Manish Sharma,21.0,Male,79.2,47.0,65.0,65.0,52.0,52.0,6.0,2.0,1.0,6.68,No,2025-10-12
1908,Rahul Gupta,20.0,Female,77.5,81.0,85.0,82.0,84.0,25.0,3.0,3.0,3.0,7.5,Yes,2025-12-24
1690,Sakshi Singh,22.0,Female,78.0,79.0,60.0,73.0,72.0,58.0,1.0,1.0,3.0,8.7,No,2025-05-20
1376,Aarav Yadav,20.0,Female,84.1,84.0,58.0,87.0,73.0,84.0,1.0,0.0,,8.09,No,2024-07-10
1413,Arjun Singh,20.0,Female,82.8,78.0,32.0,53.0,67.0,80.0,2.0,3.0,1.0,6.06,Yes,2024-08-16
1075,Varun Gupta,18.0,Female,81.6,95.0,72.0,80.0,60.0,63.0,3.0,2.0,0.0,7.19,No,2023-09-13
1114,Vivek Mishra,20.0,Male,,66.0,60.0,78.0,70.0,91.0,6.0,2.0,0.0,7.53,Yes,2023-10-22
1589,Yash Sharma,20.0,,76.2,76.0,71.0,99.0,76.0,48.0,5.0,3.0,2.0,5.99,Yes,2025-02-08
1825,Riya Sharma,21.0,Female,85.8,65.0,71.0,71.0,97.0,N/A,2.0,0.0,2.0,7.4,No,2025-10-02
1391,Priya Chauhan,21.0,Male,,41.0,61.0,51.0,54.0,71.0,2.0,0.0,0.0,7.3,YES,2024-07-25
1105,Sakshi Jain,18.0,Male,59.1,71.0,69.0,44.0,79.0,75.0,4.0,0.0,0.0,7.71,Yes,2023-10-13
1115,Simran Jain,19.0,Male,62.3,77.0,68.0,69.0,100.0,61.0,4.0,2.0,3.0,8.81,NO,2023-10-23
1418,Aarav Jain,21.0,Male,65.9,unknown,56.0,62.0,74.0,44.0,2.0,3.0,2.0,9.52,Yes,2024-08-21
1971,Aditya Jain,21.0,Female,87.2,78.0,-,69.0,102,74.0,2.0,3.0,3.0,8.85,Yes,2026-02-25
1458,Shreya Chauhan,21.0,Male,91.4,54.0,69.0,86.0,65.0,89.0,0.0,3.0,3.0,8.1,No,2024-09-30
1410,Simran Verma,21.0,Female,45.6%,71.0,55.0,-,91.0,57.0,1.0,3.0,0.0,7.4,Yes,2024-08-13
1093,Ritik Agarwal,19.0,Male,78.3,70.0,80.0,74.0,89.0,71.0,1.0,0.0,0.0,7.33,No,2023-10-01
1583,Karan Yadav,22.0,Male,97.6,55.0,82.0,57.0,63.0,62.0,4.0,3.0,3.0,6.42,Yes,2025-02-02
1090,Varun Agarwal,22.0,Female,95.4,53.0,59.0,86.0,66.0,53.0,,1.0,3.0,7.57,Yes,2023-09-28
1337,Harsh Agarwal,18.0,Female,79.4,95.0,60.0,104,63.0,78.0,0.0,2.0,0.0,9.35,Yes,2024-06-01
1427,Rahul Yadav,18.0,Male,100.0,,79.0,61.0,89.0,94.0,2.0,2.0,1.0,8.27,No,2024-08-30
1945,Riya Jain,20.0,M,65.1,66.0,45.0,74.0,71.0,68.0,3.0,3.0,1.0,6.63,No,2026-01-30
1977,Arjun Chauhan,21.0,Female,96.6,91.0,97.0,63.0,69.0,47.0,2.0,2.0,0.0,7.64,,2026-03-03
1889,Vivek Sharma,22.0,Male,75.7,68.0,52.0,unknown,74.0,48.0,0.0,3.0,3.0,7.06,Yes,2025-12-05
1626,Harsh Yadav,20.0,Male,64.7,77.0,72.0,91.0,71.0,62.0,6.0,3.0,3.0,6.71,Yes,2025-03-17
1614,Ananya Gupta,18.0,Female,81.3,68.0,85.0,72.0,49.0,89.0,0.0,0.0,0.0,8.01,Yes,2025-03-05
1632,Shreya Yadav,20.0,Female,87.6,53.0,87.0,38.0,57.0,67.0,0.0,2.0,1.0,7.31,No,2025-03-23
1012,Rahul Kumar,20.0,Female,68.0,40.0,71.0,60.0,81.0,81.0,2.0,3.0,3.0,7.92,Yes,2023-07-12
1397,Aditi Sharma,22.0,Female,85.2,74.0,65.0,N/A,64.0,,6.0,0.0,3.0,8.13,No,2024-07-31
1550,Pooja Sharma,22.0,Female,64.4,69.0,49.0,63.0,88.0,79.0,0.0,2.0,2.0,6.99,Yes,2024-12-31
1043,Aditi Jain,21.0,Female,89.0,58.0,91.0,93.0,79.0,66.0,3.0,1.0,0.0,7.32,Yes,2023-08-12
1168,Shreya Jain,21.0,Female,100.0,67.0,70.0,66.0,71.0,74.0,3.0,0.0,1.0,7.53,No,2023-12-15
1417,Yash Yadav,19.0,Male,89.7,67.0,87.0,71.0,78.0,68.0,4.0,3.0,1.0,7.93,Yes,2024-08-20
1778,Ananya Kumar,21.0,Female,100.0,74.0,42.0,67.0,79.0,98.0,1.0,1.0,0.0,7.86,Yes,
1427,Rahul Yadav,18.0,Male,100.0,,79.0,61.0,89.0,94.0,2.0,2.0,1.0,8.27,No,2024-08-30
1905,Ishita Agarwal,19.0,Female,73.0,56.0,58.0,83.0,97.0,49.0,6.0,2.0,0.0,7.47,Yes,2025-12-21
1988,Harsh Mishra,21.0,Male,76.3,73.0,79.0,80.0,92.0,57.0,3.0,3.0,3.0,7.51,Yes,2026-03-14
1705,Rahul Sharma,22.0,Female,86.8,78.0,76.0,49.0,100.0,60.0,3.0,0.0,1.0,8.45,Yes,2025-06-04
1803,Ananya Jain,20.0,Male,86.9,100.0,37.0,86.0,83.0,70.0,1.0,1.0,1.0,6.16,No,2025-09-10
1258,Dev Jain,19.0,female,77.2,83.0,54.0,62.0,65.0,81.0,0.0,1.0,3.0,8.02,Yes,2024-03-14
1336,Varun Jain,18.0,Male,100.0,90.0,87.0,93.0,57.0,61.0,5.0,2.0,2.0,7.04,,2024-05-31
1016,Tanya Verma,22.0,Female,94.1,68.0,60.0,84.0,65.0,89.0,3.0,2.0,1.0,9.25,No,2023-07-16
1650,Komal Singh,20.0,Male,73.7,82.0,59.0,78.0,86.0,51.0,6.0,2.0,0.0,7.29,No,2025-04-10
1325,Shreya Gupta,21.0,Female,82.7,67.0,88.0,81.0,71.0,73.0,4.0,2.0,2.0,9.15,Yes,2024-05-20
1874,Aditi Mishra,18.0,Male,78.3,71.0,90.0,50.0,75.0,47.0,5.0,3.0,2.0,6.43,Yes,2023/99/99
1223,  Tanya Chauhan ,22.0,Female,89.9,68.0,69.0,48.0,59.0,68.0,0.0,1.0,2.0,9.94,Yes,2024-02-08
1180,Rohan Kumar,18.0,Female,67.6,91.0,75.0,57.0,60.0,59.0,5.0,3.0,3.0,7.43,Yes,2023-12-27
1025,Mehak Agarwal,19.0,Female,82.5,74.0,73.0,100.0,71.0,55.0,3.0,,3.0,6.05,Yes,2023-07-25
1522,Aditya Singh,22.0,Female,77.0,58.0,25.0,62.0,94.0,46.0,3.0,0.0,3.0,7.84,No,2024-12-03
1023,Vivek Agarwal,20.0,Male,,70.0,47.0,62.0,78.0,90.0,5.0,1.0,1.0,7.75,Yes,2023-07-23
1357,Arjun Jain,21.0,Female,86.7,61.0,86.0,60.0,62.0,64.0,0.0,2.0,0.0,8.26,Yes,2024-06-21
1978,Shreya Chauhan,20.0,Female,78.8,53.0,32.0,82.0,56.0,47.0,2.0,2.0,2.0,6.42,Yes,2026-03-04
1884,Mohit Agarwal,19.0,Male,76.7,63.0,69.0,90.0,60.0,81.0,0.0,0.0,3.0,7.45,Yes,2025-11-30
1341,Yash Jain,22.0,Female,90.1,78.0,69.0,63.0,62.0,72.0,1.0,1.0,3.0,6.03,No,2024-06-05
1432,Dev Yadav,19.0,Female,84.8,64.0,57.0,95.0,58.0,59.0,5.0,2.0,3.0,8.17,Yes,2024-09-04
1569,Mohit Kumar,22.0,F,62.9,91.0,55.0,72.0,85.0,72.0,3.0,0.0,0.0,7.94,Yes,2025-01-19
1856,Manish Jain,20.0,Female,67.0,50.0,105,61.0,64.0,55.0,3.0,0.0,1.0,7.7,Yes,2025-11-02
1204,,19.0,Male,66.8,67.0,78.0,87.0,62.0,66.0,6.0,3.0,3.0,8.27,No,2024-01-20
1651,Tanya Sharma,19.0,Male,71.8,60.0,74.0,70.0,80.0,-,6.0,3.0,3.0,6.88,Yes,2025-04-11
1094,Aditi Kumar,18.0,Male,82.5,99.0,66.0,71.0,73.0,62.0,2.0,2.0,1.0,7.93,Yes,2023-10-02
1576,Priya Gupta,21.0,Male,97.3,73.0,70.0,52.0,53.0,61.0,0.0,0.0,1.0,7.97,Yes,2023/99/99
1069,Mehak Mishra,18.0,Male,93.1,57.0,75.0,57.0,,79.0,3.0,0.0,1.0,6.86,Yes,2023-09-07
1859,Kavya Jain,19.0, Male ,51.7,73.0,64.0,69.0,86.0,70.0,0.0,0.0,1.0,8.79,No,2025-11-05
1285,Kavya Verma,19.0,Female,60.1,60.0,74.0,87.0,60.0,83.0,6.0,1.0,2.0,6.53,Yes,10/04/2024
1827,Kavya Yadav,21.0,Male,70.2,74.0,63.0,77.0,63.0,61.0,6.0,3.0,0.0,9.7,Yes,2025-10-04
1435,Vivek Jain,21.0,Male,61.4,78.0,76.0,42.0,81.0,88.0,6.0,3.0,3.0,8.9,Yes,2024-09-07
1154,Rohan Singh,19.0,Female,84.6,71.0,31.0,98.0,56.0,99.0,1.0,0.0,1.0,7.29,No,2023-12-01
1076,Aditi Kumar,21.0,Male,84.8,78.0,86.0,89.0,60.0,68.0,0.0,1.0,1.0,8.7,No,2023-09-14
1752,Nikhil Sharma,21.0,Female,85.0,74.0,63.0,98.0,59.0,71.0,0.0,0.0,1.0,6.77,No,2025-07-21
1447,  Sakshi Chauhan ,20.0,Female,75.4,56.0,100.0,64.0,94.0,88.0,0.0,0.0,0.0,7.87,Yes,2024-09-19
1189,  Manish Yadav ,22.0,Female,88.6%,78.0,78.0,53.0,100.0,45.0,6.0,,3.0,7.19,No,2024-01-05
1272,Nikhil Sharma,18.0,Female,93.0,85.0,52.0,82.0,66.0,83.0,3.0,1.0,2.0,7.55,Yes,28/03/2024
1237,Aarav Mishra,21.0,Female,63.9,74.0,84.0,67.0,76.0,100.0,3.0,2.0,0.0,7.79,Yes,2024-02-22
1488,Ritik Yadav,18.0,Female,100.0,93.0,71.0,,82.0,36.0,3.0,1.0,2.0,8.5,Yes,2024-10-30
1560,Varun Sharma,18.0, Female ,100.0,51.0,55.0,69.0,76.0,82.0,1.0,1.0,1.0,6.56,No,2025-01-10
1118,Priya Gupta,22.0,Male,59.3,77.0,65.0,88.0,89.0,80.0,0.0,0.0,1.0,7.49,No,2023-10-26
1965,Aditya Sharma,22.0,Male,71.6,72.0,81.0,98.0,79.0,77.0,1.0,2.0,2.0,6.77,Yes,2026-02-19
1513,Aarav Gupta,19.0,Female,90.5,86.0,71.0,59.0,92.0,85.0,4.0,3.0,2.0,7.3,Yes,2024-11-24
1571,Aarav Yadav,20.0,Male,90.4,68.0,99.0,82.0,74.0,63.0,0.0,0.0,2.0,N/A,Yes,2025-01-21
1612,Yash Kumar,19.0,Female,97.6,82.0,42.0,81.0,82.0,88.0,0.0,2.0,1.0,9.42,No,2025-03-03
1127,Varun Agarwal,19.0,Female,77.6,100.0,66.0,100.0,77.0,86.0,1.0,1.0,2.0,7.29,Yes,2023-11-04
1117,Arjun Jain,19.0,Male,100.0,76.0,61.0,52.0,72.0,70.0,4.0,3.0,3.0,7.57,Yes,2023-10-25
1474,Aditi Agarwal,22.0,Female,68.5,68.0,50.0,64.0,74.0,56.0,2.0,1.0,1.0,8.61,Yes,2024-10-16
1714,Aman Mishra,18.0,Female,68.7,79.0,90.0,100.0,52.0,92.0,1.0,2.0,1.0,8.25,Yes,2025-06-13
1058,Tanya Mishra,21.0,Male,69.3,64.0,46.0,41.0,75.0,,3.0,3.0,2.0,7.5,Yes,2023-08-27
1695,Neha Agarwal,19.0,Female,75.0,76.0,59.0,67.0,64.0,88.0,6.0,2.0,2.0,7.96,Yes,2025-05-25
1935,Tanya Yadav,21.0,Male,81.5%,74.0,63.0,73.0,56.0,37.0,4.0,0.0,2.0,8.13,Yes,2026-01-20
1370,Manish Verma,19.0,Female,85.0,86.0,97.0,69.0,58.0,60.0,6.0,2.0,0.0,6.56,No,2024-07-04
1269,Simran Singh,22.0,Female,73.2,98.0,87.0,64.0,75.0,52.0,0.0,2.0,0.0,7.82,Yes,2024-03-25
1047,Yash Agarwal,19.0,Female,57.6,75.0,47.0,54.0,65.0,54.0,6.0,0.0,3.0,9.39,Yes,2023-08-16
1350,Pooja Agarwal,19.0,Male,95.2,68.0,74.0,73.0,83.0,51.0,1.0,2.0,2.0,7.67,No,2024-06-14
1196,Dev Mishra,19.0,Female,89.8,80.0,69.0,87.0,77.0,64.0,0.0,2.0,0.0,8.07,Yes,2024-01-12
1103,Rahul Verma,20.0,Male,83.4,56.0,unknown,59.0,66.0,78.0,0.0,2.0,1.0,7.01,No,2023-10-11
1954,Tanya Sharma,21.0,Male,80.4,60.0,47.0,71.0,64.0,68.0,1.0,0.0,0.0,8.31,No,2026-02-08
1712,Arjun Jain,21.0,Male,62.7,57.0,65.0,67.0,88.0,64.0,5.0,3.0,2.0,7.49,Yes,2025-06-11
1758,Karan Agarwal,19.0,Female,98.3,100.0,77.0,66.0,52.0,55.0,4.0,0.0,3.0,7.48,No,2025-07-27
1264,Aarav Verma,18.0,Male,52.3,74.0,46.0,84.0,50.0,48.0,3.0,0.0,2.0,7.76,No,2024-03-20
1444,Aarav Kumar,18.0,Female,80.6,81.0,73.0,84.0,72.0,70.0,6.0,0.0,2.0,8.06,Yes,2024-09-16
1696,Shreya Yadav,19.0,Male,74.2,46.0,66.0,54.0,76.0,73.0,2.0,2.0,2.0,8.93,No,2025-05-26
1305,Aditya Agarwal,22.0,Male,92.9,69.0,68.0,50.0,95.0,78.0,1.0,0.0,3.0,7.8,No,2024-04-30
1342,Aarav Yadav,18.0,Male,53.9,65.0,86.0,82.0,87.0,66.0,3.0,2.0,0.0,7.04,Yes,2024-06-06
1619,Ritik Sharma,99.0,Male,65.1,64.0,50.0,81.0,89.0,57.0,2.0,3.0,0.0,7.12,No,2025-03-10
1994,Riya Verma,18.0,Female,81.6,69.0,-,94.0,91.0,61.0,0.0,2.0,2.0,9.27,No,2026-03-20
1150,Varun Verma,20.0,Female,75.4,100.0,83.0,73.0,77.0,86.0,6.0,3.0,2.0,8.85,yes,2023-11-27
1125,Ananya Verma,21.0,Male,68.9,91.0,70.0,79.0,79.0,60.0,6.0,1.0,3.0,8.45,No,2023-11-02
1808,Aman Agarwal,22.0,Male,79.4,65.0,68.0,66.0,64.0,unknown,3.0,0.0,0.0,8.04,Yes,2025-09-15
1845,Ananya Agarwal,21.0,Female,75.0,100.0,37.0,71.0,73.0,76.0,0.0,2.0,0.0,7.65,Yes,2025-10-22
1051,  Aarav Jain ,18.0,Male,80.8,86.0,55.0,66.0,100.0,78.0,0.0,3.0,3.0,5.06,Yes,2023-08-20
1354,Dev Mishra,19.0,Male,76.0,52.0,42.0,62.0,77.0,65.0,,1.0,1.0,8.69,Yes,2024-06-18
1952,  Aarav Chauhan ,21.0,Male,80.3%,91.0,81.0,67.0,92.0,63.0,5.0,1.0,1.0,7.79,No,
1143,Dev Verma,18.0,Female,76.9,59.0,85.0,97.0,69.0,56.0,6.0,3.0,0.0,8.9,Yes,2023-11-20
1471,Neha Agarwal,21.0,Female,68.2,69.0,75.0,57.0,73.0,59.0,4.0,0.0,3.0,8.43,Yes,2024-10-13
1400,Neha Chauhan,22.0,Female,73.3,54.0,76.0,71.0,92.0,75.0,2.0,2.0,3.0,7.15,Yes,2024-08-03
1821,Aman Verma,21.0,Female,81.7,100.0,80.0,64.0,,59.0,2.0,2.0,1.0,8.03,Yes,2025-09-28
1321,Rahul Kumar,22.0,Male,61.8,67.0,85.0,58.0,77.0,NA,1.0,0.0,0.0,6.04,No,2024-05-16
1020,Komal Mishra,19.0,Male,85.6,66.0,55.0,65.0,74.0,79.0,1.0,2.0,2.0,7.12,No,2023-07-20
1972,Karan Singh,18.0,Male,63.1,98.0,49.0,69.0,80.0,83.0,2.0,0.0,2.0,8.16,No,2026-02-26
1812,Priya Kumar,19.0,Male,100.0,78.0,62.0,65.0,56.0,79.0,1.0,2.0,2.0,9.96,Yes,2025-09-19
1831,Ananya Gupta,21.0,Female,80.7,89.0,89.0,94.0,87.0,70.0,0.0,2.0,0.0,8.35,No,2025-10-08
1408,  Pooja Kumar ,21.0,Female,72.2,79.0,49.0,92.0,72.0,62.0,1.0,1.0,0.0,7.16,Yes,2024-08-11
1538,Priya Verma,21.0,Female,75.6,68.0,74.0,82.0,49.0,52.0,1.0,0.0,1.0,8.56,Yes,2024-12-19
1722,Vivek Verma,22.0,Female,66.0,55.0,72.0,57.0,73.0,69.0,0.0,1.0,1.0,8.77,No,2025-06-21
1039,Mohit Gupta,22.0,Male,80.1,94.0,91.0,99.0,82.0,100.0,1.0,1.0,0.0,9.34,Yes,2023-08-08
1176,  Arjun Verma ,18.0,Female,74.7,70.0,,80.0,83.0,95.0,0.0,1.0,0.0,6.92,Yes,2023-12-23
1246,Priya Chauhan,19.0,Female,74.5,49.0,62.0,72.0,87.0,70.0,3.0,3.0,2.0,7.66,Yes,2024-03-02
1851,Karan Kumar,21.0,Female,79.4,71.0,25.0,54.0,61.0,100.0,0.0,2.0,2.0,8.25,No,2025-10-28
1688,Aditi Jain,18.0,Male,97.7,87.0,78.0,50.0,51.0,94.0,2.0,3.0,0.0,7.84,No,2025-05-18
1947,Komal Jain,20.0,Male,85.7,74.0,77.0,89.0,66.0,51.0,4.0,1.0,2.0,8.04,No,2026-02-01
1881,Ishita Verma,19.0,Female,67.4,77.0,51.0,80.0,81.0,48.0,4.0,1.0,0.0,7.98,Yes,2025-11-27
1155,Rahul Yadav,21.0,Male,88.7,,54.0,83.0,93.0,67.0,5.0,3.0,0.0,9.42,No,2023-12-02
1288,Manish Sharma,21.0,Female,94.2,72.0,57.0,46.0,76.0,45.0,5.0,0.0,0.0,8.0,Yes,2024-04-13
1623,Varun Yadav,22.0,Male,65.6,83.0,90.0,30.0,77.0,44.0,5.0,1.0,3.0,6.53,No,2025-03-14
1570,Ritik Chauhan,21.0,Female,82.2,93.0,66.0,N/A,89.0,59.0,6.0,3.0,3.0,6.73,No,2025-01-20
1765,Mehak Kumar,18.0,Female,82.7,75.0,64.0,93.0,46.0,61.0,1.0,3.0,0.0,7.49,No,2025-08-03
1018,Varun Agarwal,21.0,Male,95.0,96.0,63.0,53.0,67.0,80.0,4.0,1.0,1.0,6.66,Yes,2023-07-18
1128,Aarav Jain,21.0,Male,100.0,74.0,69.0,71.0,62.0,76.0,0.0,2.0,0.0,8.19,Yes,2023-11-05
1323,Arjun Verma,18.0,Female,68.4,79.0,63.0,70.0,68.0,-,3.0,0.0,0.0,9.05,No,2024-05-18
1256,Aarav Jain,22.0,Male,80.6,70.0,51.0,84.0,80.0,95.0,2.0,0.0,3.0,6.51,No,2024-03-12
1678,Rahul Verma,22.0,Male,74.4,67.0,77.0,71.0,69.0,62.0,4.0,2.0,0.0,8.13,No,2025-05-08
1992,Komal Yadav,20.0,Female,97.7,60.0,55.0,99.0,93.0,96.0,1.0,1.0,0.0,8.66,NO,2026-03-18
1191,Ritik Chauhan,18.0,Male,74.2,49.0,59.0,72.0,71.0,57.0,0.0,0.0,1.0,15,No,2024-01-07
1116,Ritik Sharma,18.0,F,80.3,60.0,65.0,71.0,78.0,87.0,5.0,3.0,0.0,6.39,Yes,2023-10-24
1637,Komal Sharma,18.0, Male ,-10,88.0,76.0,59.0,77.0,56.0,3.0,3.0,3.0,7.03,Yes,2025-03-28
1607,Komal Jain,21.0,Male,73.7,46.0,68.0,52.0,72.0,65.0,1.0,2.0,2.0,7.01,No,2025-02-26
1181,Ananya Sharma,18.0,Female,73.6,83.0,73.0,83.0,81.0,77.0,1.0,1.0,0.0,7.59,Yes,2023-12-28
1302,Komal Chauhan,18.0,Male,85.2,46.0,120,65.0,75.0,75.0,2.0,3.0,0.0,7.62,Yes,2024-04-27
1781,Nikhil Mishra,21.0,Male,69.7,39.0,33.0,73.0,80.0,67.0,2.0,2.0,3.0,8.31,No,2025-08-19
1875,Manish Gupta,22.0,Male,77.1,68.0,,67.0,64.0,77.0,2.0,2.0,,8.16,Yes,2025-11-21
1801,Priya Sharma,20.0,Male,79.7,60.0,54.0,75.0,91.0,65.0,1.0,2.0,1.0,7.87,No,2025-09-08
1706,Priya Agarwal,18.0,Male,81.8,71.0,31.0,93.0,N/A,60.0,3.0,3.0,2.0,7.86,Yes,2025-06-05
1824,Yash Chauhan,21.0,Female,72.6,51.0,82.0,83.0,73.0,74.0,3.0,1.0,3.0,8.66,Yes,2025-10-01
1518,Aarav Yadav,19.0, Female ,77.9,94.0,54.0,69.0,87.0,72.0,4.0,2.0,0.0,5.21,Yes,2024-11-29
1243,Yash Kumar,20.0,Male,87.3,62.0,42.0,71.0,86.0,,1.0,3.0,0.0,7.26,No,
1046,Kavya Chauhan,21.0,Male,71.4,31.0,53.0,90.0,69.0,66.0,6.0,1.0,3.0,8.34,Yes,2023-08-15
1942,Rohan Yadav,20.0,Female,87.1,unknown,61.0,72.0,73.0,65.0,5.0,1.0,0.0,7.83,Yes,
1158,Vivek Sharma,18.0,Male,83.6,83.0,64.0,65.0,61.0,72.0,0.0,0.0,0.0,6.88,Yes,2023-12-05
1766,Shreya Chauhan,19.0,Male,77.0,82.0,53.0,76.0,66.0,55.0,2.0,1.0,3.0,5.68,Yes,2025-08-04
1172,Priya Verma,20.0,Male,72.9,71.0,80.0,58.0,50.0,79.0,2.0,2.0,0.0,9.07,No,2023-12-19
1017,Aditya Mishra,19.0,Male,68.0,72.0,100.0,81.0,51.0,45.0,6.0,1.0,2.0,7.79,Yes,2023-07-17
1512,Komal Gupta,22.0,Female,,78.0,65.0,46.0,43.0,65.0,6.0,1.0,1.0,9.2,Yes,2024-11-23
1049,Yash Mishra,20.0,Male,72.7,93.0,79.0,69.0,71.0,78.0,1.0,3.0,2.0,8.47,Yes,2023-08-18
1999,Neha Sharma,21.0,Male,79.2,58.0,61.0,92.0,100.0,75.0,0.0,1.0,2.0,9.68,Yes,2026-03-25
1924,Sakshi Kumar,21.0,Male,69.4,57.0,72.0,69.0,52.0,67.0,5.0,0.0,0.0,8.79,Yes,2026-01-09
1516,Priya Gupta,22.0,Female,92.6,97.0,57.0,48.0,74.0,78.0,5.0,,1.0,7.78,Yes,2024-11-27
1707,Arjun Chauhan,,Male,83.9,81.0,91.0,78.0,76.0,81.0,6.0,0.0,0.0,8.5,Yes,2025-06-06
1481,Rahul Jain,19.0,Male,95.9,67.0,53.0,81.0,85.0,35.0,4.0,2.0,0.0,6.98,Yes,2024-10-23
1284,Priya Agarwal,21.0,Male,90.1,64.0,65.0,44.0,70.0,59.0,6.0,0.0,3.0,6.88,Yes,2024-04-09
1740,Karan Sharma,18.0,female,89.8,58.0,58.0,71.0,72.0,42.0,6.0,3.0,2.0,5.44,Yes,2025-07-09
1886,Harsh Yadav,18.0,Male,88.2,93.0,53.0,67.0,73.0,unknown,3.0,3.0,1.0,6.86,Yes,2025-12-02
1226,Komal Chauhan,21.0,Male,67.1,42.0,94.0,66.0,89.0,53.0,5.0,0.0,0.0,8.04,No,2024-02-11
1027,Rahul Gupta,21.0,Female,73.9,80.0,68.0,72.0,83.0,75.0,1.0,1.0,1.0,8.82,Yes,2023-07-27
1804,Aditi Singh,19.0,Male,90.0,96.0,81.0,71.0,73.0,64.0,5.0,2.0,2.0,7.79,No,2025-09-11
1438,Harsh Chauhan,18.0,Female,68.8,100.0,84.0,84.0,82.0,60.0,0.0,1.0,3.0,6.49,No,2024-09-10
1982,Shreya Mishra,18.0,Male,86.1,78.0,73.0,86.0,93.0,68.0,3.0,3.0,0.0,7.3,Yes,2026-03-08
1365,Ritik Yadav,21.0,Female,86.7,66.0,-,58.0,69.0,60.0,0.0,0.0,1.0,8.47,No,2024-06-29
1230,Riya Kumar,20.0,Male,94.8,93.0,86.0,60.0,48.0,71.0,6.0,2.0,0.0,6.75,Yes,2024-02-15
1038,Mehak Singh,19.0,Female,87.5,50.0,70.0,67.0,68.0,55.0,0.0,1.0,0.0,5.92,Yes,2023-08-07
1993,Priya Jain,22.0,Male,56.9,58.0,73.0,70.0,53.0,75.0,5.0,1.0,0.0,6.39,Yes,2026-03-19
1375,Nikhil Jain,21.0,Male,90.7,59.0,100.0,69.0,87.0,84.0,5.0,3.0,2.0,6.38,Yes,2024-07-09
1470,Tanya Chauhan,19.0,Male,71.9,unknown,56.0,52.0,82.0,65.0,2.0,2.0,1.0,7.48,Yes,2024-10-12
1995,Tanya Chauhan,20.0,Male,69.5,75.0,82.0,59.0,84.0,66.0,3.0,2.0,1.0,7.19,Yes,2026-03-21
1873,Mohit Kumar,20.0,Female,81.9,100.0,78.0,60.0,89.0,68.0,4.0,2.0,3.0,8.95,Yes,2025-11-19
1915,Yash Kumar,20.0,Female,58.8,80.0,81.0,83.0,46.0,89.0,4.0,2.0,0.0,7.36,Yes,2025-12-31
1747,Aditi Yadav,21.0,Male,78.2,77.0,77.0,64.0,100.0,53.0,0.0,1.0,1.0,7.98,Yes,2025-07-16
1195,Simran Yadav,10.0,Female,79.4,69.0,89.0,64.0,62.0,56.0,1.0,2.0,0.0,5.99,Yes,2024-01-11
1877,Rahul Sharma,18.0,Male,72.3,78.0,92.0,63.0,82.0,85.0,4.0,1.0,3.0,6.7,Yes,2025-11-23
1887,Vivek Gupta,18.0,Male,71.3,79.0,85.0,72.0,74.0,72.0,6.0,3.0,1.0,8.05,Yes,2025-12-03
1504,Aditi Jain,22.0,Male,82.3,66.0,58.0,46.0,72.0,75.0,3.0,2.0,1.0,8.27,Yes,2024-11-15
1997,Harsh Yadav,21.0,Male,72.5,56.0,77.0,90.0,75.0,72.0,2.0,2.0,2.0,6.81,Yes,2026-03-23
1853,Manish Yadav,18.0,Female,98.4,73.0,61.0,72.0,94.0,45.0,4.0,1.0,0.0,7.83,No,2025-10-30
1580,Vivek Chauhan,21.0,Male,53.1,68.0,74.0,87.0,69.0,72.0,1.0,0.0,3.0,7.03,No,2025-01-30
1996,Komal Verma,18.0,Male,66.7,53.0,79.0,63.0,80.0,76.0,0.0,2.0,3.0,7.1,yes,2026-03-22
1163,Sakshi Sharma,18.0,Male,88.6,78.0,78.0,65.0,73.0,69.0,5.0,2.0,1.0,8.5,,2023-12-10
1723,Mehak Kumar,19.0,Male,,50.0,58.0,85.0,56.0,74.0,6.0,1.0,0.0,7.41,No,2025-06-22
1153,Harsh Singh,18.0,Female,83.6,82.0,50.0,75.0,66.0,62.0,5.0,0.0,0.0,8.7,No,2023-11-30
1917,Mehak Yadav,22.0,Female,78.5,80.0,43.0,69.0,48.0,64.0,0.0,1.0,3.0,7.96,No,2026-01-02
1721,Komal Kumar,20.0,Male,61.7,69.0,,74.0,86.0,68.0,2.0,0.0,3.0,7.3,No,2025-06-20
1957,Ishita Sharma,18.0,Female,79.6,83.0,78.0,unknown,80.0,66.0,6.0,3.0,0.0,6.81,Yes,2026-02-11
1112,Aman Chauhan,19.0,Male,76.2,53.0,70.0,93.0,57.0,46.0,6.0,2.0,0.0,N/A,Yes,2023-10-20
1227,Nikhil Chauhan,18.0,Female,65.0,76.0,88.0,61.0,69.0,57.0,0.0,2.0,1.0,9.98,Yes,2024-02-12
1709,Aman Chauhan,19.0,Female,73.3,90.0,86.0,81.0,87.0,70.0,1.0,1.0,3.0,7.31,Yes,2025-06-08
1104,Sakshi Kumar,22.0,Male,80.4,46.0,84.0,86.0,76.0,93.0,0.0,1.0,2.0,7.26,No,2023-10-12
1422,Harsh Gupta,22.0,Male,79.0,86.0,85.0,47.0,77.0,69.0,1.0,1.0,2.0,10.0,Yes,2024-08-25
1420,Mohit Verma,19.0,Male,76.2,91.0,59.0,61.0,92.0,48.0,2.0,3.0,3.0,,Yes,
1934,Arjun Agarwal,20.0,Female,83.7,61.0,84.0,78.0,83.0,50.0,4.0,2.0,3.0,5.85,No,2026-01-19
1587,Ishita Jain,22.0,Male,79.9,72.0,50.0,70.0,84.0,70.0,6.0,2.0,3.0,9.45,No,2025-02-06
1802,Aditi Sharma,19.0,Male,84.9,67.0,44.0,75.0,81.0,100.0,0.0,3.0,2.0,7.61,No,2025-09-09
1673,Komal Verma,20.0,Male,80.6,59.0,79.0,71.0,56.0,95.0,3.0,1.0,1.0,7.66, No ,2025-05-03
1120,Shreya Sharma,20.0,Female,91.5,55.0,62.0,93.0,67.0,70.0,5.0,0.0,2.0,9.24,No,2023-10-28
1054,Ananya Verma,20.0,Female,69.7,64.0,58.0,68.0,74.0,77.0,0.0,0.0,2.0,8.15,Yes,2023-08-23
1152,Ananya Agarwal,22.0,Male,90.7,68.0,74.0,72.0,69.0,N/A,5.0,3.0,2.0,6.46,Yes,2023-11-29
1404,Aditya Sharma,18.0,Female,83.2,57.0,87.0,66.0,67.0,72.0,2.0,0.0,1.0,7.5,Yes,2024-08-07
1970,Riya Singh,18.0,Female,82.9,54.0,91.0,77.0,58.0,64.0,0.0,2.0,3.0,7.76,Yes,2026-02-24
1208,Shreya Verma,22.0,Male,92.6,67.0,41.0,65.0,81.0,86.0,6.0,3.0,0.0,8.66,Yes,2024-01-24
1659,Shreya Agarwal,21.0,Male,62.0,78.0,57.0,61.0,62.0,72.0,5.0,0.0,0.0,7.81,No,2025-04-19
1866,Ishita Agarwal,19.0,Female,84.9,70.0,67.0,57.0,48.0,61.0,3.0,2.0,2.0,5.7,Yes,2025-11-12
1784,Harsh Yadav,19.0, Male ,67.5,37.0,60.0,54.0,85.0,87.0,6.0,0.0,1.0,7.46,No,2025-08-22
1009,Ananya Yadav,21.0,Male,77.1,68.0,60.0,69.0,74.0,72.0,0.0,0.0,0.0,7.5,Yes,2023-07-09
1830,Sakshi Agarwal,22.0,Male,75.7,46.0,89.0,52.0,63.0,56.0,6.0,3.0,3.0,9.69,Yes,2025-10-07
1037,Harsh Singh,21.0,Female,65.0,94.0,25.0,90.0,84.0,96.0,3.0,1.0,1.0,8.23,Yes,2023-08-06
1453,Mehak Gupta,19.0,Female,75.3,83.0,59.0,58.0,77.0,80.0,6.0,1.0,2.0,7.54,Yes,2024-09-25
1652,Nikhil Mishra,18.0,Female,79.8,100.0,66.0,60.0,80.0,63.0,1.0,3.0,0.0,8.71,Yes,2025-04-12
1254,Mohit Chauhan,21.0,Female,75.8,71.0,32.0,78.0,87.0,50.0,3.0,0.0,3.0,9.84,No,2024-03-10
1304,Priya Verma,18.0,Male,75.2,64.0,unknown,58.0,61.0,77.0,6.0,1.0,3.0,7.52,No,2024-04-29
1768,Neha Agarwal,18.0,Male,80.0,86.0,70.0,73.0,80.0,41.0,6.0,2.0,1.0,8.42,No,2025-08-06
1572,Arjun Gupta,19.0,Female,81.4,79.0,93.0,74.0,71.0,74.0,3.0,3.0,1.0,-,Yes,2025-01-22
1624,Aman Jain,21.0,,91.4,56.0,81.0,-2,unknown,71.0,6.0,1.0,3.0,7.39,Yes,2025-03-15
1731,Priya Jain,22.0,Male,96.1,97.0,86.0,59.0,51.0,69.0,2.0,0.0,0.0,9.85,Yes,2025-06-30
1741,Aarav Agarwal,21.0,Female,64.3,62.0,67.0,73.0,80.0,67.0,3.0,2.0,1.0,6.46,No,2025-07-10
1263,Ananya Sharma,21.0,Male,97.6%,55.0,79.0,68.0,85.0,,6.0,1.0,3.0,7.54,No,2024-03-19
1611,Mohit Gupta,19.0,Male,72.7,70.0,71.0,81.0,68.0,82.0,1.0,1.0,0.0,7.63,No,2025-03-02
1298,Sakshi Gupta,18.0,Female,76.4,78.0,100.0,57.0,80.0,57.0,5.0,3.0,3.0,8.0,Yes,2024-04-23
1415,Aditi Verma,22.0,Male,68.4,67.0,85.0,69.0,60.0,56.0,0.0,1.0,3.0,8.18,Yes,2024-08-18
1151,Dev Agarwal,22.0,Male,81.7,70.0,89.0,62.0,72.0,63.0,5.0,1.0,3.0,8.22,No,2023-11-28
1810,  Yash Jain ,18.0,Female,85.3,88.0,58.0,79.0,87.0,78.0,6.0,0.0,1.0,7.11,Yes,2025-09-17
1641,Pooja Singh,18.0,Male,71.9,91.0,74.0,66.0,54.0,68.0,3.0,2.0,2.0,7.0,NO,2025-04-01
1912,Pooja Kumar,20.0,Female,70.3,80.0,33.0,67.0,84.0,49.0,5.0,3.0,0.0,6.83,No,2025-12-28
1551,Yash Sharma,19.0,Male,86.0,66.0,NA,55.0,45.0,70.0,6.0,1.0,0.0,8.8,No,2025-01-01
1900,Simran Chauhan,19.0,Female,66.6,74.0,,88.0,80.0,54.0,6.0,2.0,1.0,7.85,Yes,2025-12-16
1489,Priya Agarwal,21.0,Female,76.8,67.0,80.0,85.0,89.0,53.0,4.0,1.0,2.0,6.53,Yes,2024-10-31
1711,Ritik Agarwal,19.0,Male,,91.0,60.0,65.0,66.0,76.0,1.0,3.0,0.0,7.35,Yes,2025-06-10
1148,Karan Gupta,18.0,Male,69.0,82.0,66.0,62.0,88.0,94.0,3.0,3.0,0.0,7.96,No,2023-11-25
1147,Varun Sharma,21.0,Female,65.3,82.0,74.0,81.0,63.0,90.0,5.0,2.0,1.0,6.13,Yes,2023-11-24
1742,Harsh Jain,22.0,Female,71.9,82.0,41.0,97.0,71.0,77.0,3.0,1.0,0.0,7.39,Yes,2025-07-11
1998,Pooja Sharma,18.0,Male,78.7,62.0,62.0,81.0,99.0,78.0,4.0,0.0,1.0,7.76,Yes,2026-03-24
1761,Riya Chauhan,20.0,Male,98.7,80.0,25.0,64.0,65.0,77.0,5.0,3.0,1.0,7.85,Yes,2025-07-30
1660,Pooja Kumar,20.0,Male,73.3,81.0,50.0,85.0,96.0,84.0,6.0,3.0,0.0,6.23,No,2025-04-20
1349,Yash Singh,22.0,Male,60.7,69.0,88.0,58.0,100.0,89.0,5.0,2.0,3.0,7.86,No,2024-06-13
1464,Ananya Mishra,21.0,Male,71.0,71.0,70.0,38.0,51.0,N/A,3.0,2.0,0.0,7.19,No,2024-10-06
1326,Sakshi Mishra,20.0,Female,100.0,42.0,61.0,64.0,83.0,92.0,1.0,3.0,0.0,7.21,Yes,2024-05-21
1187,Ananya Jain,20.0,Male,75.8,48.0,89.0,96.0,69.0,100.0,5.0,1.0,1.0,8.15,Yes,2024-01-03
1124,Komal Chauhan,22.0,Female,85.2,30.0,69.0,71.0,79.0,29.0,3.0,0.0,0.0,8.77,No,2023-11-01
1975,Simran Gupta,20.0,Male,69.4,87.0,82.0,76.0,75.0,48.0,5.0,0.0,3.0,7.66,Yes,2026-03-01
1609,Pooja Agarwal,18.0,Male,78.8,94.0,67.0,64.0,78.0,72.0,4.0,1.0,2.0,7.85,,2025-02-28
1144,Varun Jain,21.0,Female,82.8,30.0,70.0,42.0,56.0,64.0,0.0,2.0,2.0,6.95,Yes,2023-11-21
1986,Nikhil Gupta,22.0,Female,74.5,74.0,56.0,75.0,91.0,68.0,1.0,2.0,2.0,7.29,No,2026-03-12
1198,Nikhil Chauhan,20.0,Male,68.5,56.0,60.0,84.0,76.0,68.0,5.0,0.0,2.0,7.3,Yes,2024-01-14
1610,Aman Agarwal,18.0,Male,60.8,70.0,62.0,61.0,66.0,60.0,1.0,1.0,1.0,8.51,No,2025-03-01
1280,Manish Jain,18.0,Female,54.6,76.0,98.0,100.0,67.0,53.0,4.0,3.0,1.0,8.5,Yes,2024-04-05
1294,Riya Sharma,19.0,Female,72.0,58.0,43.0,48.0,88.0,53.0,1.0,1.0,3.0,7.7,Yes,2024-04-19
1401,Mehak Singh,19.0,Male,90.0,89.0,80.0,74.0,81.0,68.0,4.0,2.0,0.0,7.18,Yes,2024-08-04
1123,Varun Gupta,21.0,male,49.5,76.0,50.0,73.0,85.0,73.0,1.0,0.0,2.0,7.55,No,2023-10-31
1184,Ananya Singh,21.0,Male,98.4,77.0,65.0,66.0,94.0,57.0,3.0,1.0,0.0,7.95,Yes,2023-12-31
1203,Vivek Gupta,22.0,Female,61.1,82.0,72.0,74.0,69.0,49.0,3.0,0.0,3.0,8.07,Yes,2024-01-19
1439,Komal Verma,19.0,Female,85.7,88.0,68.0,79.0,68.0,50.0,4.0,2.0,1.0,8.46,Yes,N/A
1247,Mehak Kumar,19.0,Female,79.7,45.0,72.0,68.0,70.0,57.0,1.0,0.0,2.0,8.63,Yes,2024-03-03
1416,Rahul Gupta,21.0,Male,48.8,-,40.0,61.0,67.0,58.0,3.0,1.0,3.0,7.45,No,2024-08-19
1815,Rohan Jain,19.0,Male,79.6,97.0,83.0,97.0,66.0,49.0,0.0,2.0,1.0,7.73,Yes,2025-09-22
1787,Aditya Singh,21.0,Male,79.6%,61.0,77.0,67.0,81.0,69.0,4.0,1.0,2.0,7.27, Yes ,2025-08-25
1929,Ananya Gupta,21.0,F,80.3,62.0,76.0,57.0,61.0,85.0,1.0,2.0,2.0,7.15,Yes,2026-01-14
1790,Aditi Mishra,19.0,Female,85.5,76.0,69.0,99.0,70.0,57.0,5.0,3.0,3.0,7.0,Yes,2025-08-28
1910,Sakshi Jain,21.0,Female,79.6,59.0,64.0,47.0,71.0,57.0,3.0,0.0,3.0,7.73,Yes,2025-12-26
1130,Karan Sharma,22.0,Female,76.6,41.0,46.0,71.0,66.0,84.0,6.0,3.0,1.0,7.89,No,2023-11-07
1638,Ishita Jain,20.0,,89.5,70.0,69.0,72.0,98.0,63.0,0.0,2.0,0.0,8.54,Yes,2025-03-29
1403,Ananya Singh,18.0,Female,90.7,99.0,85.0,74.0,91.0,57.0,0.0,2.0,3.0,9.22,No,2024-08-06
1779,Simran Jain,21.0,Male,145,59.0,92.0,-,79.0,71.0,3.0,3.0,0.0,8.35,No,2025-08-17
1909,Shreya Verma,22.0,Female,81.8,73.0,57.0,60.0,70.0,100.0,4.0,1.0,3.0,6.9,Yes,2025-12-25
1736,Aditi Singh,21.0,Male,90.4,N/A,45.0,59.0,80.0,84.0,2.0,0.0,2.0,6.82,Yes,2025-07-05
1936,  Shreya Kumar ,18.0,Male,82.5,36.0,93.0,73.0,69.0,50.0,2.0,0.0,,9.69,No,2026-01-21
1220,Aditi Verma,20.0,Male,71.4,77.0,61.0,44.0,75.0,59.0,2.0,3.0,1.0,8.31,Yes,2024-02-05
1642,Rahul Yadav,19.0,Male,100.0,67.0,66.0,82.0,51.0,76.0,1.0,0.0,0.0,9.69,Yes,2025-04-02
1938,Kavya Jain,21.0,Male,97.1,81.0,67.0,81.0,82.0,73.0,4.0,2.0,1.0,6.85,No,2026-01-23
1774,Manish Chauhan,21.0,Female,92.1,-,78.0,72.0,100.0,47.0,3.0,0.0,0.0,8.21,Yes,2025-08-12
1829,Shreya Mishra,21.0,Male,96.4,63.0,58.0,56.0,85.0,65.0,3.0,2.0,2.0,8.26,Yes,2025-10-06
1946,Simran Yadav,22.0,Female,80.7,84.0,80.0,64.0,61.0,56.0,5.0,3.0,3.0,8.18,No,2026-01-31
1625,Aarav Sharma,21.0,Female,78.4,86.0,81.0,64.0,88.0,68.0,5.0,2.0,1.0,8.34,No,
1876,  Rahul Mishra ,21.0,Male,86.4,88.0,74.0,73.0,75.0,38.0,4.0,0.0,1.0,9.43,YES,2025-11-22
1782,Pooja Jain,20.0,Female,87.6,38.0,100.0,39.0,85.0,46.0,0.0,2.0,3.0,7.0,Yes,2025-08-20
1387,Priya Kumar,19.0,Female,74.8,32.0,87.0,75.0,82.0,86.0,0.0,3.0,3.0,6.55,No,2024-07-21
2000,Aditi Kumar,19.0,Male,59.8,73.0,53.0,77.0,65.0,65.0,5.0,1.0,1.0,6.16,Yes,2026-03-26
1510,Arjun Chauhan,22.0,Male,82.0,74.0,65.0,70.0,69.0,69.0,2.0,0.0,0.0,8.14,Yes,2024-11-21
1268,Karan Chauhan,20.0,Male,79.7,69.0,86.0,78.0,80.0,68.0,6.0,1.0,3.0,7.15,No,2024-03-24
1842,Rahul Agarwal,22.0,Male,65.3,45.0,67.0,77.0,75.0,55.0,2.0,1.0,0.0,8.84,Yes,2025-10-19
1442,Harsh Yadav,18.0,Female,52.1,74.0,63.0,86.0,54.0,82.0,6.0,0.0,2.0,8.48,Yes,2024-09-14
1497,Komal Jain,21.0,Male,90.3,90.0,79.0,,62.0,64.0,0.0,0.0,1.0,7.3,No,2024-11-08
1113,Arjun Mishra,20.0,Female,79.3,61.0,87.0,56.0,60.0,,0.0,3.0,3.0,8.08,No,2023-10-21
1692,Rohan Agarwal,18.0,Female,95.9,76.0,55.0,56.0,80.0,67.0,4.0,1.0,1.0,7.03,Yes,2025-05-22
1233,Pooja Singh,22.0,Male,73.7,75.0,74.0,50.0,86.0,76.0,4.0,2.0,3.0,6.85,Yes,2024-02-18
1892,Shreya Sharma,19.0,Male,84.9,86.0,65.0,70.0,73.0,55.0,5.0,2.0,2.0,8.46,Yes,2025-12-08
1608,Pooja Kumar,18.0,Male,95.0,83.0,52.0,68.0,73.0,67.0,3.0,,3.0,6.43,Yes,2025-02-27
1672,Nikhil Kumar,19.0,Female,79.6,66.0,71.0,72.0,57.0,79.0,0.0,1.0,3.0,8.05,No,2025-05-02
1374,Ritik Kumar,21.0,Female,85.8,50.0,77.0,59.0,65.0,65.0,1.0,1.0,2.0,8.15,Yes,2024-07-08
1488,Ritik Yadav,18.0,Female,100.0,93.0,71.0,,82.0,36.0,3.0,1.0,2.0,8.5,Yes,2024-10-30
1865,Ritik Agarwal,22.0,Male,53.3,63.0,84.0,87.0,68.0,45.0,1.0,0.0,1.0,6.86,Yes,2025-11-11
1234,Aditi Yadav,20.0,Female,68.1,57.0,68.0,66.0,-,76.0,4.0,2.0,2.0,7.93,Yes,2024-02-19
1807,  Yash Sharma ,22.0,Female,100.0,46.0,51.0,92.0,81.0,76.0,0.0,2.0,0.0,5.64,Yes,N/A
1677,Varun Chauhan,22.0,Female,80.1,97.0,85.0,60.0,64.0,55.0,1.0,0.0,3.0,7.0,Yes,2025-05-07
1318,Neha Jain,19.0,Female,78.5,68.0,65.0,79.0,80.0,88.0,5.0,1.0,1.0,8.4,Yes,2024-05-13
1649,Mohit Chauhan,22.0,Male,89.3,65.0,70.0,83.0,51.0,81.0,3.0,1.0,1.0,7.55,No,2025-04-09
1411,Neha Yadav,19.0,Male,83.6%,74.0,56.0,75.0,77.0,61.0,1.0,1.0,3.0,6.36,No,2024-08-14
1921,Kavya Singh,21.0,Female,94.7,77.0,64.0,75.0,77.0,55.0,5.0,1.0,3.0,,No,2026-01-06
1710,Shreya Kumar,19.0,Female,94.4,74.0,58.0,87.0,79.0,76.0,4.0,1.0,0.0,10.0,Yes,2025-06-09
1359,Karan Chauhan,18.0,Male,95.1,35.0,82.0,56.0,70.0,88.0,0.0,2.0,0.0,5.95,Yes,2024-06-23
1259,Dev Mishra,22.0,Male,85.7,62.0,53.0,78.0,85.0,91.0,1.0,1.0,1.0,8.03,Yes,2024-03-15
1745,Ananya Singh,19.0,Male,80.1,84.0,50.0,55.0,72.0,54.0,5.0,0.0,0.0,9.71,Yes,2025-07-14
1628,Aman Sharma,22.0,Female,59.7,74.0,74.0,77.0,39.0,61.0,6.0,1.0,2.0,8.45,No,2025-03-19
1633,Tanya Jain,19.0,Male,67.9,62.0,49.0,72.0,81.0,62.0,4.0,3.0,2.0,8.47,No,2025-03-24
1283,Vivek Chauhan,22.0,Male,85.0,,75.0,71.0,97.0,48.0,1.0,2.0,1.0,7.2,Yes,2024-04-08
1377,Aarav Singh,22.0,Male,77.1,47.0,48.0,72.0,78.0,81.0,5.0,3.0,3.0,8.34,,2024-07-11
1385,Aman Mishra,22.0,Male,60.3,64.0,100.0,98.0,65.0,66.0,2.0,2.0,0.0,8.13,No,2024-07-19
1225,Sakshi Jain,22.0,Male,91.3,70.0,70.0,85.0,79.0,79.0,1.0,1.0,2.0,7.52,Yes,2024-02-10
1980,Tanya Chauhan,21.0,Female,75.8,49.0,91.0,53.0,80.0,85.0,4.0,2.0,3.0,8.44,no,2026-03-06
1837,Ananya Yadav,19.0,Female,64.1,64.0,25.0,56.0,72.0,53.0,1.0,0.0,1.0,7.46,No,2025-10-14
1473,Shreya Chauhan,20.0,Male,92.4,81.0,64.0,84.0,52.0,80.0,1.0,1.0,0.0,7.13,Yes,2024-10-15
1348,Komal Gupta,20.0,Male,66.3,48.0,75.0,57.0,66.0,66.0,1.0,2.0,2.0,7.48,Yes,2024-06-12
1506,Aditi Agarwal,22.0,Female,90.9,91.0,55.0,84.0,89.0,77.0,3.0,2.0,1.0,6.6,Yes,2024-11-17
1640,Aarav Verma,19.0,Female,59.9,100.0,46.0,83.0,55.0,58.0,3.0,2.0,1.0,8.7,Yes,03-31-2025
1887,Vivek Gupta,18.0,Male,71.3,79.0,85.0,72.0,74.0,72.0,6.0,3.0,1.0,8.05,Yes,2025-12-03
1798,Aditya Agarwal,22.0,Male,58.0,88.0,83.0,80.0,67.0,67.0,0.0,1.0,2.0,9.96,Yes,2025-09-05
1953,Karan Singh,18.0,Female,63.8%,63.0,75.0,63.0,69.0,77.0,2.0,3.0,2.0,6.11,Yes,2026-02-07
1928,Kavya Chauhan,19.0,Female,83.3,50.0,92.0,58.0,82.0,46.0,4.0,0.0,2.0,9.64,No,2026-01-13
1620,Simran Verma,19.0,Female,64.1,69.0,52.0,89.0,87.0,60.0,4.0,3.0,1.0,9.19,No,2025-03-11
1878,Riya Sharma,22.0,Male,72.8%,69.0,71.0,30.0,88.0,91.0,0.0,0.0,2.0,6.71,Yes,11-24-2025
1826,Mehak Verma,18.0,Female,87.1,79.0,38.0,71.0,77.0,69.0,0.0,0.0,0.0,,Yes,2025-10-03
1646,Aarav Jain,21.0,Male,91.5,80.0,74.0,61.0,62.0,56.0,5.0,2.0,0.0,8.82,Yes,2025-04-06
1869,Tanya Mishra,19.0,Female,69.5,56.0,71.0,57.0,63.0,100.0,0.0,2.0,2.0,7.48,Yes,2025-11-15
1557,Arjun Verma,18.0,Female,72.1,66.0,85.0,59.0,66.0,100.0,5.0,2.0,1.0,9.1,Yes,2025-01-07
1985,Mehak Verma,22.0,Male,76.6,45.0,40.0,70.0,86.0,65.0,3.0,1.0,1.0,7.54,,2026-03-11
1578,Ritik Verma,20.0,Female,80.9,78.0,77.0,57.0,63.0,40.0,4.0,3.0,2.0,8.29,No,2025-01-28
1796,Aditya Agarwal,18.0,Male,70.7,76.0,64.0,73.0,60.0,66.0,6.0,3.0,2.0,7.25,No,2025-09-03
1086,Nikhil Agarwal,21.0,Female,100.0,64.0,87.0,78.0,80.0,53.0,5.0,2.0,1.0,8.55,Yes,2023-09-24
1243,Yash Kumar,20.0,Male,87.3,62.0,42.0,71.0,86.0,,1.0,3.0,0.0,7.26,No,
1699,Harsh Singh,19.0,Female,97.5,52.0,66.0,,54.0,80.0,0.0,0.0,1.0,8.8,Yes,2025-05-29
1160,Dev Gupta,18.0,Male,78.8,81.0,57.0,43.0,100.0,68.0,3.0,0.0,0.0,6.94,No,07/12/2023
1525,Aarav Kumar,22.0,Female,82.3,87.0,89.0,56.0,60.0,55.0,6.0,0.0,0.0,7.47,No,2024-12-06
1036,Vivek Yadav,19.0,Female,79.2,69.0,85.0,80.0,79.0,43.0,2.0,2.0,3.0,7.25,Yes,2023-08-05
1541,Ritik Chauhan,21.0,Female,73.3,79.0,51.0,99.0,84.0,87.0,6.0,2.0,2.0,6.99,No,2023/99/99
1171,Tanya Sharma,21.0,Male,57.5%,95.0,55.0,100.0,54.0,66.0,3.0,1.0,0.0,8.07,No,2023-12-18
1655,Aarav Agarwal,19.0,Female,79.1,84.0,77.0,61.0,47.0,89.0,,2.0,,8.52,Yes,2025-04-15
1913,Ritik Gupta,19.0,Male,91.8,62.0,47.0,59.0,78.0,53.0,6.0,1.0,3.0,7.86,Yes,2025-12-29
1880,Tanya Jain,18.0,M,66.2,100.0,68.0,75.0,60.0,45.0,4.0,3.0,3.0,8.59,No,2025-11-26
1870,Priya Chauhan,22.0,Female,72.8,48.0,75.0,83.0,78.0,,5.0,1.0,3.0,9.09,No,2025-11-16
1969,Riya Mishra,20.0,Female,75.9,43.0,82.0,77.0,65.0,76.0,1.0,1.0,3.0,8.33,Yes,2026-02-23
1734,Komal Verma,19.0,Female,64.5,52.0,52.0,92.0,82.0,79.0,3.0,2.0,0.0,8.07,Yes,2025-07-03
1096,Mohit Jain,21.0,Male,84.2,100.0,36.0,80.0,54.0,89.0,6.0,0.0,2.0,6.13, Yes ,2023-10-04
1564,Yash Sharma,18.0,Male,81.1,79.0,78.0,100.0,59.0,62.0,2.0,2.0,3.0,8.6,Yes,2025-01-14
1241,Dev Verma,22.0,Female,79.6%,71.0,71.0,74.0,55.0,98.0,0.0,2.0,0.0,7.5,No,2024-02-26
1743,,20.0,Male,85.6,62.0,85.0,61.0,79.0,77.0,6.0,3.0,3.0,7.75,No,2025-07-12
1575,Pooja Jain,18.0,Male,82.6,84.0,63.0,85.0,80.0,58.0,1.0,3.0,3.0,7.86,No,2025-01-25
1691,Komal Sharma,20.0,Male,65.8%,77.0,87.0,82.0,82.0,29.0,2.0,1.0,1.0,N/A,Yes,2025-05-21
1461,Rahul Chauhan,21.0,Male,53.3,64.0,80.0,89.0,82.0,59.0,3.0,3.0,2.0,6.69,No,2024-10-03
1554,Karan Jain,22.0,Male,64.8,56.0,90.0,65.0,82.0,55.0,5.0,0.0,0.0,8.03,No,2025-01-04
1901,Nikhil Chauhan,22.0,Female,79.8,80.0,49.0,59.0,80.0,59.0,3.0,1.0,3.0,6.89,Yes,2025-12-17
1207,Rahul Mishra,22.0,Female,70.2,82.0,77.0,78.0,58.0,64.0,0.0,3.0,2.0,7.06,Yes,2024-01-23
1393,Sakshi Kumar,22.0,Male,57.9,82.0,66.0,63.0,57.0,48.0,0.0,1.0,1.0,8.26,No,2024-07-27
1795,Harsh Kumar,22.0,Female,62.2,49.0,44.0,94.0,70.0,75.0,6.0,0.0,0.0,8.39,Yes,2025-09-02
1398,Sakshi Jain,19.0,Female,71.0,66.0,64.0,86.0,57.0,87.0,4.0,0.0,3.0,5.71,No,2024-08-01
1767,Neha Kumar,21.0,Female,79.1,80.0,70.0,66.0,89.0,81.0,5.0,1.0,1.0,6.11,Yes,2025-08-05
1871,Yash Verma,18.0,Male,88.2,78.0,58.0,67.0,49.0,30.0,1.0,2.0,2.0,7.84,Yes,2025-11-17
1218,Neha Gupta,19.0,Female,88.3,71.0,55.0,61.0,92.0,58.0,3.0,3.0,3.0,6.89,Yes,2024-02-03
1005,Komal Mishra,21.0,Male,100.0,38.0,75.0,69.0,69.0,84.0,0.0,0.0,1.0,7.77,Yes,2023-07-05
1769,Komal Jain,20.0,male,70.0,48.0,94.0,N/A,90.0,79.0,4.0,0.0,3.0,6.06,Yes,2025-08-07
1643,Tanya Sharma,21.0,Male,74.4,59.0,56.0,76.0,58.0,59.0,0.0,0.0,1.0,8.7,No,2025-04-03
1920,Sakshi Agarwal,21.0,Male,,75.0,65.0,62.0,57.0,69.0,0.0,3.0,1.0,8.47,Yes,2026-01-05
1613,Mehak Agarwal,20.0,Male,70.0,100.0,75.0,72.0,62.0,57.0,5.0,,0.0,9.48,No,2025-03-04
1739,Riya Agarwal,21.0,Male,66.0,68.0,72.0,56.0,-,79.0,2.0,1.0,2.0,7.11,Yes,2025-07-08
1547,Rohan Verma,18.0,Female,92.5,85.0,34.0,74.0,87.0,50.0,0.0,1.0,2.0,7.66,Yes,2024-12-28
1726,Sakshi Mishra,21.0,Female,74.7,72.0,64.0,81.0,44.0,68.0,0.0,2.0,0.0,7.26,Yes,2025-06-25
1684,Aditya Verma,18.0,Male,76.7,73.0,54.0,69.0,67.0,87.0,1.0,0.0,0.0,7.24,No,2025-05-14
1099,Varun Sharma,18.0,Female,81.6,80.0,52.0,85.0,45.0,60.0,1.0,1.0,3.0,7.54,No,2023-10-07
1805,Vivek Singh,20.0,Male,94.5,57.0,69.0,71.0,86.0,91.0,5.0,0.0,3.0,8.68,Yes,2025-09-12
1728,Shreya Singh,19.0,Female,88.2,100.0,74.0,77.0,100.0,65.0,6.0,3.0,3.0,9.55,Yes,2025-06-27
1574,Varun Jain,35.0,Male,85.9,100.0,69.0,70.0,65.0,71.0,0.0,3.0,2.0,8.53,Yes,2025-01-24
1407,Sakshi Mishra,20.0,Male,82.6,73.0,85.0,54.0,87.0,70.0,3.0,0.0,3.0,7.83,Yes,2024-08-10
1503,Shreya Sharma,19.0, Male ,85.6,66.0,70.0,66.0,80.0,88.0,2.0,3.0,3.0,8.29,Yes,2024-11-14
1048,Harsh Sharma,18.0,Female,74.1,56.0,78.0,46.0,72.0,85.0,0.0,2.0,2.0,7.01,Yes,2023-08-17
1033,Karan Gupta,20.0,Female,84.2,76.0,66.0,64.0,66.0,83.0,2.0,3.0,0.0,7.13,Yes,2023-08-02
1780,Mehak Mishra,20.0,Female,89.2,81.0,84.0,58.0,70.0,77.0,1.0,1.0,0.0,7.87,Yes,2025-08-18
1840,Riya Gupta,21.0,Male,80.1,96.0,65.0,73.0,72.0,73.0,2.0,1.0,2.0,7.6,No,2025-10-17
1201,Ishita Chauhan,18.0,M,79.1,71.0,63.0,82.0,72.0,63.0,3.0,2.0,0.0,7.23,Yes,2024-01-17
1135,  Tanya Chauhan ,18.0,Male,71.9,71.0,72.0,55.0,83.0,55.0,3.0,0.0,2.0,8.81,Yes,2023-11-12
1028,Tanya Mishra,20.0,Male,100.0,84.0,70.0,66.0,75.0,46.0,2.0,0.0,3.0,8.13,Yes,2023-07-28
1903,Harsh Gupta,19.0,Female,90.2,74.0,73.0,84.0,67.0,71.0,5.0,1.0,1.0,6.79,Yes,2025-12-19
1231,Aarav Chauhan,21.0,Male,67.8,85.0,64.0,70.0,85.0,69.0,2.0,0.0,1.0,8.92,Yes,2024-02-16
1490,Aarav Kumar,20.0,Male,86.7,64.0,67.0,68.0,86.0,84.0,5.0,1.0,3.0,8.71,Yes,2024-11-01
1773,Neha Verma,18.0,Female,77.6,84.0,50.0,100.0,74.0,93.0,6.0,2.0,0.0,10.8,Yes,2025-08-11
1379,Simran Kumar,20.0,Female,75.0,67.0,64.0,88.0,63.0,86.0,5.0,1.0,2.0,8.15,Yes,2024-07-13
1289,Neha Jain,19.0,Female,75.5,70.0,37.0,67.0,89.0,89.0,2.0,3.0,2.0,5.87,Yes,2024-04-14
1419,  Pooja Mishra ,18.0,Female,77.7,94.0,72.0,89.0,67.0,56.0,5.0,3.0,3.0,7.4,Yes,2024-08-22
1675,Rahul Sharma,22.0,Female,83.3,61.0,69.0,74.0,66.0,68.0,2.0,2.0,2.0,8.57,No,2025-05-05
1392,Mohit Verma,19.0,Male,93.9,43.0,47.0,58.0,74.0,27.0,3.0,0.0,1.0,8.06,Yes,2024-07-26
1593,Priya Jain,22.0,Male,85.4,81.0,46.0,59.0,69.0,87.0,4.0,1.0,0.0,8.88,Yes,2025-02-12
1499,Kavya Yadav,22.0,Male,67.1,49.0,61.0,88.0,87.0,52.0,4.0,1.0,3.0,7.78,Yes,2024-11-10
1139,Dev Kumar,19.0,Female,94.3,75.0,83.0,36.0,74.0,69.0,1.0,2.0,3.0,6.03,Yes,2023-11-16
1063,Priya Verma,20.0,Male,99.3,70.0,46.0,71.0,68.0,84.0,2.0,1.0,2.0,6.92,Yes,2023-09-01
1472,Sakshi Mishra,20.0,Female,67.2,56.0,25.0,,68.0,99.0,5.0,2.0,2.0,7.33,No,2024-10-14
1648,Neha Verma,18.0,Male,86.6,88.0,68.0,66.0,80.0,70.0,1.0,2.0,3.0,6.85,Yes,2025-04-08
1129,Neha Singh,19.0,Male,84.6,47.0,62.0,30.0,82.0,48.0,0.0,1.0,0.0,7.04,No,2023-11-06
1803,Ananya Jain,20.0,Male,86.9,100.0,37.0,86.0,83.0,70.0,1.0,1.0,1.0,6.16,No,2025-09-10
1521,Nikhil Chauhan,22.0,Male,61.9,57.0,76.0,79.0,85.0,59.0,5.0,3.0,3.0,7.12,No,2024-12-02
1839,Harsh Agarwal,22.0,Male,91.5,67.0,68.0,72.0,76.0,95.0,0.0,1.0,3.0,7.94,No,2025-10-16
1990,Komal Singh,19.0,Male,84.4,87.0,59.0,57.0,63.0,70.0,1.0,0.0,2.0,7.06,No,2026-03-16
1065,Shreya Verma,22.0,M,85.1%,79.0,63.0,71.0,67.0,72.0,5.0,0.0,1.0,NA,Yes,2023-09-03
1813,Simran Yadav,22.0,Male,91.6,72.0,69.0,72.0,66.0,53.0,5.0,2.0,3.0,7.04,Yes,2025-09-20
1015,Sakshi Chauhan,19.0,Female,52.0,66.0,83.0,84.0,69.0,78.0,2.0,2.0,3.0,8.08,Yes,2023-07-15
1157,Vivek Sharma,19.0,Female,72.1,53.0,99.0,51.0,73.0,87.0,5.0,3.0,1.0,7.49,Yes,2023-12-04
1041,Rohan Mishra,22.0,Male,85.9,37.0,64.0,79.0,80.0,72.0,0.0,1.0,1.0,5.58,Yes,2023-08-10
1493,Nikhil Gupta,21.0,Female,81.5,56.0,62.0,,60.0,82.0,0.0,3.0,2.0,6.53,No,2024-11-04
1380,Mehak Agarwal,22.0,Male,86.4,81.0,69.0,69.0,100.0,55.0,0.0,0.0,0.0,6.47,No,2024-07-14
1188,Rohan Jain,21.0,Male,80.1,85.0,51.0,48.0,93.0,73.0,2.0,2.0,2.0,9.17,Yes,2024-01-04
1764,Sakshi Mishra,18.0,Female,78.5,82.0,70.0,53.0,83.0,,1.0,3.0,2.0,8.36,No,2025-08-02
1217,Aman Kumar,20.0,Female,100.0,55.0,59.0,47.0,79.0,41.0,4.0,3.0,1.0,7.65,Yes,2024-02-02
1792,  Ananya Mishra ,22.0,Male,94.4,92.0,55.0,55.0,91.0,N/A,2.0,2.0,0.0,7.93,No,2025-08-30
1053,Sakshi Jain,19.0,Female,75.7,88.0,44.0,66.0,76.0,58.0,0.0,2.0,3.0,6.41,Yes,2023-08-22
1879,Karan Singh,18.0,Male,87.6%,62.0,56.0,75.0,59.0,100.0,5.0,1.0,2.0,6.88,Yes,2025-11-25
1338,Neha Sharma,20.0,Female,67.5,48.0,44.0,82.0,78.0,64.0,6.0,0.0,1.0,8.68,No,2024-06-02
1749,Priya Sharma,19.0,Female,100.0,91.0,76.0,82.0,100.0,68.0,4.0,1.0,2.0,7.67,No,2023/99/99
1720,Simran Sharma,20.0,,91.1,69.0,69.0,unknown,74.0,97.0,4.0,2.0,1.0,7.25,Yes,2025-06-19
1725,Simran Gupta,22.0,Male,72.1,67.0,44.0,98.0,90.0,51.0,5.0,3.0,3.0,6.81,No,2025-06-24
1296,Dev Agarwal,19.0,Female,72.8,54.0,63.0,85.0,56.0,75.0,4.0,2.0,0.0,4.8,Yes,2024-04-21
1702,Manish Kumar,20.0,Female,67.6,70.0,87.0,59.0,49.0,57.0,4.0,1.0,0.0,6.97,Yes,2025-06-01
1252,Priya Gupta,18.0,Male,89.5,90.0,68.0,-,68.0,83.0,,2.0,1.0,6.65,Yes,2024-03-08
1727,Karan Verma,21.0,Male,84.4,73.0,80.0,57.0,70.0,80.0,5.0,3.0,3.0,6.47,Yes,2025-06-26
1462,Rohan Jain,21.0,Male,84.6,83.0,76.0,55.0,77.0,62.0,4.0,0.0,0.0,7.16,Yes,2024-10-04
1456,Harsh Gupta,21.0,Male,72.4,-5,100.0,42.0,60.0,62.0,0.0,0.0,2.0,8.32,Yes,2024-09-28
1849,Simran Singh,18.0,Female,63.2,66.0,80.0,61.0,72.0,56.0,2.0,3.0,0.0,9.15,Yes,2025-10-26
1816,Simran Singh,21.0,Female,73.1,98.0,55.0,64.0,77.0,74.0,1.0,3.0,3.0,8.27,Yes,2025-09-23
1863,,22.0,Female,100.0,74.0,45.0,81.0,75.0,66.0,1.0,2.0,0.0,7.59,Yes,2025-11-09
1270,Harsh Verma,22.0,Female,81.6,75.0,100.0,64.0,65.0,46.0,6.0,2.0,3.0,8.67,Yes,2024-03-26
1202,Neha Agarwal,20.0,Male,74.2,110,41.0,51.0,66.0,61.0,4.0,3.0,1.0,7.25,YES,2024-01-18
1162,Neha Verma,22.0,Male,68.2,62.0,58.0,79.0,92.0,88.0,1.0,2.0,1.0,6.37,Yes,2023-12-09
1556,Komal Yadav,18.0,Female,58.7,93.0,77.0,69.0,64.0,60.0,1.0,2.0,2.0,8.01,Yes,2025-01-06
1730,Shreya Yadav,19.0,Male,82.4,96.0,64.0,85.0,70.0,,0.0,3.0,3.0,8.3,Yes,2025-06-29
1402,Shreya Yadav,20.0,Male,75.2,61.0,59.0,74.0,96.0,57.0,5.0,3.0,0.0,8.1,Yes,2024-08-05
1703,Mohit Gupta,19.0,Female,53.8,63.0,NA,65.0,70.0,72.0,6.0,2.0,1.0,6.14,Yes,2025-06-02
1477,Mohit Verma,19.0,Female,96.0,64.0,68.0,75.0,83.0,70.0,3.0,0.0,3.0,5.21,Yes,2024-10-19
1822,Ishita Chauhan,18.0,Female,67.1,70.0,74.0,72.0,51.0,54.0,1.0,1.0,2.0,6.46,YES,2025-09-29
1772,Aditi Gupta,20.0,Female,80.8,71.0,52.0,53.0,82.0,59.0,3.0,0.0,0.0,7.53,No,2025-08-10
1106,Sakshi Sharma,18.0,Male,77.8,71.0,25.0,68.0,75.0,72.0,0.0,2.0,1.0,7.55,Yes,2023-10-14
1566,Ritik Mishra,19.0,Female,57.6,88.0,71.0,87.0,72.0,97.0,5.0,0.0,1.0,7.05,No,2025-01-16
1390,Priya Kumar,21.0,Male,77.3,46.0,75.0,81.0,82.0,73.0,,2.0,1.0,9.76,Yes,2024-07-24
1002,Harsh Jain,22.0,Female,68.0,76.0,72.0,73.0,76.0,97.0,2.0,2.0,1.0,7.13,Yes,2023-07-02
1962,Mehak Chauhan,21.0,Male,83.2,64.0,,59.0,53.0,74.0,3.0,2.0,1.0,9.19,Yes,2026-02-16
1171,Tanya Sharma,21.0,Male,57.5%,95.0,55.0,100.0,54.0,66.0,3.0,1.0,0.0,8.07,No,2023-12-18
1562,Ritik Gupta,21.0,Female,82.9,73.0,75.0,73.0,68.0,86.0,4.0,3.0,2.0,8.51,Yes,2025-01-12
1932,Sakshi Gupta,19.0,Male,96.2,N/A,86.0,84.0,44.0,75.0,6.0,0.0,0.0,6.63,Yes,2026-01-17
1081,Shreya Singh,22.0,Male,88.2,62.0,42.0,83.0,54.0,70.0,6.0,3.0,1.0,8.16,No,2023-09-19
1206,Nikhil Singh,21.0,M,90.4,86.0,63.0,100.0,65.0,43.0,5.0,2.0,0.0,9.42,No,2024-01-22
1035,Shreya Chauhan,21.0,Female,66.9,56.0,58.0,58.0,72.0,41.0,1.0,2.0,2.0,7.41,No,2023-08-04
1943,Simran Agarwal,19.0,Female,78.3,83.0,70.0,78.0,68.0,99.0,5.0,3.0,0.0,7.44,No,2026-01-28
1776,Rohan Jain,18.0,Female,75.6,82.0,72.0,100.0,80.0,54.0,0.0,3.0,1.0,7.74,No,2025-08-14
1509,Ishita Kumar,21.0,Female,74.8,62.0,70.0,65.0,,50.0,1.0,0.0,2.0,8.1,Yes,2024-11-20
1428,Aman Singh,22.0,Female,54.2,83.0,80.0,81.0,84.0,84.0,5.0,0.0,1.0,7.64,Yes,2024-08-31
1455,Sakshi Verma,19.0,Male,97.1,69.0,77.0,66.0,77.0,63.0,0.0,3.0,1.0,6.16,No,2024-09-27
1367,Aarav Kumar,22.0,Male,81.1,79.0,87.0,53.0,65.0,84.0,5.0,1.0,1.0,6.59,Yes,2024-07-01
1092,Arjun Jain,19.0,Male,66.7,80.0,73.0,66.0,53.0,80.0,0.0,0.0,3.0,NA,No,2023-09-30
1340,Tanya Sharma,21.0,Male,89.5,93.0,58.0,72.0,70.0,79.0,5.0,2.0,1.0,5.26,Yes,2024-06-04
1898,Harsh Sharma,19.0,Female,65.2%,61.0,40.0,49.0,69.0,72.0,4.0,3.0,0.0,6.09,Yes,2025-12-14
1565,Harsh Kumar,19.0,Female,69.0,63.0,67.0,79.0,38.0,54.0,3.0,1.0,3.0,7.82,Yes,2025-01-15
1346,Aman Kumar,22.0,Female,100.0,50.0,82.0,86.0,72.0,70.0,6.0,0.0,3.0,7.47,No,2024-06-10
1777,Ananya Singh,18.0,Female,94.6,96.0,85.0,62.0,82.0,58.0,3.0,0.0,1.0,6.56,No,2025-08-15
1242,Priya Yadav,21.0,Male,57.0,43.0,76.0,77.0,82.0,59.0,4.0,2.0,1.0,7.76,Yes,2024-02-27
1014,Shreya Agarwal,21.0,Male,81.9,83.0,84.0,91.0,73.0,61.0,3.0,0.0,1.0,8.67,No,2023-07-14
1316,Aditya Sharma,20.0,Male,74.8,97.0,64.0,61.0,85.0,72.0,1.0,2.0,2.0,7.78,Yes,2024-05-11
1601,Aarav Kumar,20.0, Male ,75.7,84.0,91.0,38.0,66.0,75.0,5.0,1.0,3.0,7.05,Yes,2025-02-20
1388,Arjun Verma,18.0,Male,88.7,92.0,82.0,84.0,76.0,87.0,5.0,0.0,2.0,6.42,Yes,2024-07-22
1274,Harsh Chauhan,18.0,Male,100.0,77.0,37.0,61.0,84.0,NA,4.0,3.0,0.0,8.75,No,03-30-2024
1167,Arjun Verma,20.0,Female,45.0,73.0,78.0,88.0,68.0,31.0,1.0,3.0,3.0,6.67,Yes,2023-12-14
1841,Rohan Kumar,18.0,Male,60.8,92.0,74.0,57.0,100.0,73.0,4.0,1.0,3.0,8.34,No,2025-10-18
1914,Arjun Verma,20.0,Female,99.9,72.0,87.0,89.0,67.0,66.0,1.0,1.0,3.0,8.06,Yes,2025-12-30
1647,Harsh Mishra,20.0,Female,78.1,59.0,39.0,71.0,87.0,66.0,6.0,3.0,2.0,7.87,Yes,2025-04-07
1819,Ritik Jain,18.0,female,96.4,49.0,86.0,69.0,80.0,70.0,1.0,1.0,3.0,7.04,No,2025-09-26
1485,  Priya Yadav ,18.0,Female,100.0,75.0,58.0,72.0,80.0,67.0,5.0,3.0,2.0,7.86,No,2023/99/99
1095,Aarav Verma,22.0,Male,91.5,80.0,64.0,43.0,67.0,38.0,3.0,2.0,1.0,6.71,No,2023-10-03
1505,Arjun Verma,21.0,Female,89.0,64.0,65.0,68.0,72.0,60.0,0.0,0.0,1.0,7.08,Yes,2024-11-16
1832,Mehak Sharma,19.0,Male,83.8,58.0,61.0,80.0,66.0,66.0,4.0,0.0,3.0,6.95,Yes,2025-10-09
1244,Pooja Sharma,19.0,Male,61.3,83.0,66.0,63.0,59.0,69.0,4.0,1.0,1.0,6.14,No,2024-02-29
1567,Aarav Gupta,19.0,Male,68.3,64.0,,100.0,66.0,68.0,3.0,3.0,0.0,7.64,NO,2025-01-17
1876,  Rahul Mishra ,21.0,Male,86.4,88.0,74.0,73.0,75.0,38.0,4.0,0.0,1.0,9.43,YES,2025-11-22
1563,Harsh Yadav,22.0,Female,97.1,79.0,62.0,88.0,85.0,63.0,5.0,3.0,1.0,8.42,No,2025-01-13
1979,Ananya Agarwal,18.0,Female,78.9,90.0,74.0,86.0,98.0,95.0,6.0,0.0,3.0,6.7,No,2026-03-05
1687,Sakshi Chauhan,19.0,Male,88.0,63.0,73.0,58.0,57.0,78.0,3.0,2.0,0.0,6.67,yes,2025-05-17
1958,Ishita Gupta,19.0,Male,88.0,84.0,96.0,55.0,66.0,95.0,1.0,3.0,3.0,7.08,Yes,2026-02-12
1190,Nikhil Singh,18.0,Female,76.2,89.0,56.0,71.0,68.0,64.0,2.0,3.0,1.0,7.84,Yes,2024-01-06
1783,Sakshi Gupta,18.0,Female,92.9,77.0,73.0,85.0,87.0,51.0,0.0,0.0,1.0,7.64,Yes,2025-08-21
1976,Dev Gupta,22.0,Male,68.9,77.0,66.0,80.0,91.0,96.0,6.0,3.0,0.0,7.77,No,2026-03-02
1700,Nikhil Kumar,22.0,Female,94.9,74.0,51.0,75.0,58.0,55.0,6.0,0.0,3.0,6.23,Yes,2025-05-30
1476,Yash Gupta,19.0,Female,78.5,66.0,59.0,61.0,60.0,76.0,5.0,0.0,0.0,7.16,Yes,2024-10-18
1682,Arjun Agarwal,22.0,Male,80.1,78.0,71.0,81.0,91.0,79.0,3.0,1.0,1.0,9.11,No,2025-05-12
1511,Shreya Gupta,22.0,Female,73.3%,66.0,59.0,63.0,100.0,87.0,,2.0,2.0,6.5,Yes,2024-11-22
1059,Riya Jain,21.0,Female,92.9,70.0,85.0,67.0,92.0,62.0,5.0,2.0,2.0,7.67,No,2023-08-28
1475,Sakshi Gupta,20.0,Male,81.1,74.0,50.0,74.0,76.0,57.0,2.0,0.0,2.0,7.28,Yes,2024-10-17
1561,Varun Mishra,19.0,,84.4,84.0,57.0,74.0,91.0,69.0,3.0,0.0,0.0,7.47,Yes,2025-01-11
1857,Ishita Verma,21.0,Female,94.6,63.0,51.0,78.0,57.0,62.0,3.0,3.0,2.0,7.13,Yes,2025-11-03
1748,Rahul Verma,19.0,Female,73.8,62.0,84.0,55.0,83.0,66.0,,0.0,1.0,6.07,Yes,2025-07-17
1253,Rahul Gupta,20.0,Male,63.5,61.0,44.0,58.0,69.0,56.0,5.0,3.0,3.0,8.49,No,2024-03-09
1022,Neha Singh,19.0,Female,84.9,77.0,74.0,62.0,63.0,54.0,3.0,3.0,3.0,7.89,No,2023-07-22
1314,Pooja Agarwal,18.0,Female,94.0,44.0,73.0,90.0,85.0,71.0,2.0,3.0,1.0,7.48,Yes,2024-05-09
1460,Rohan Jain,21.0,Female,89.6,57.0,30.0,76.0,80.0,76.0,5.0,1.0,3.0,8.31,Yes,2024-10-02
1161,Kavya Jain,18.0,Female,67.9,78.0,87.0,87.0,64.0,71.0,0.0,2.0,3.0,8.88,Yes,2023-12-08
1277,Komal Agarwal,,Female,50.0,57.0,71.0,71.0,72.0,94.0,3.0,1.0,2.0,9.68,Yes,04-02-2024
1956,Aarav Agarwal,22.0,Male,90.5,32.0,100.0,71.0,83.0,89.0,6.0,0.0,2.0,7.04,Yes,2026-02-10
1192,Rahul Chauhan,18.0,Female,91.2,80.0,61.0,67.0,61.0,80.0,0.0,3.0,0.0,6.26,Yes,2024-01-08
1386,Arjun Sharma,21.0,Male,64.4,67.0,82.0,67.0,64.0,59.0,1.0,3.0,3.0,6.77,Yes,2024-07-20
1806,Aditi Kumar,22.0,Female,85.3,84.0,99.0,72.0,84.0,38.0,5.0,0.0,2.0,7.47,,2025-09-13
1414,Rahul Singh,21.0,Female,62.2,52.0,71.0,71.0,64.0,50.0,3.0,1.0,1.0,6.39,Yes,2024-08-17
1492,Arjun Yadav,18.0,Female,82.8,85.0,100.0,48.0,75.0,60.0,4.0,2.0,1.0,6.56,Yes,2024-11-03
1344,Mehak Kumar,19.0,Male,71.3,89.0,72.0,73.0,88.0,90.0,2.0,0.0,0.0,8.46,No,2024-06-08
1770,Manish Mishra,21.0,Female,73.2,77.0,80.0,49.0,83.0,76.0,4.0,3.0,2.0,8.45,Yes,2025-08-08
1309,Neha Kumar,19.0,Female,86.4,60.0,63.0,74.0,71.0,68.0,3.0,0.0,2.0,7.56,No,2024-05-04
1662,Aarav Jain,18.0,Male,71.6,57.0,90.0,87.0,85.0,50.0,4.0,3.0,3.0,8.35,Yes,2025-04-22
1131,Simran Agarwal,18.0,Male,59.9,95.0,67.0,88.0,58.0,52.0,3.0,3.0,1.0,7.34,No,2023-11-08
1664,Kavya Jain,22.0,F,77.2,60.0,76.0,58.0,62.0,92.0,1.0,2.0,2.0,6.76,No,2025-04-24
1872,Nikhil Chauhan,20.0,Male,72.5,62.0,100.0,86.0,56.0,64.0,4.0,3.0,0.0,9.03,Yes,2025-11-18
1100,Aditi Sharma,20.0,Female,98.9,68.0,65.0,87.0,65.0,47.0,3.0,1.0,1.0,8.81,Yes,2023-10-08
1373,Kavya Singh,18.0,Male,66.5,93.0,65.0,71.0,77.0,44.0,2.0,2.0,3.0,7.63,No,07-07-2024
1088,Aarav Agarwal,21.0,Male,85.6,57.0,69.0,59.0,65.0,27.0,1.0,2.0,0.0,6.32,Yes,2023-09-26
1459,Tanya Mishra,22.0,Male,69.9,63.0,44.0,75.0,80.0,57.0,3.0,0.0,3.0,7.68,Yes,2024-10-01
1331,Neha Chauhan,21.0,Male,81.4,69.0,64.0,58.0,65.0,65.0,5.0,0.0,1.0,8.99,No,2024-05-26
1215,Simran Kumar,21.0,Male,,64.0,60.0,78.0,80.0,81.0,5.0,0.0,2.0,6.74,No,2024-01-31
1467,Ananya Verma,21.0,Male,74.9,64.0,63.0,80.0,89.0,69.0,2.0,1.0,1.0,7.25,Yes,2024-10-09
1122,Dev Verma,21.0,Female,,100.0,52.0,67.0,78.0,53.0,5.0,1.0,1.0,8.44,Yes,2023-10-30
1615,Yash Chauhan,21.0, Female ,86.9,60.0,65.0,,75.0,57.0,4.0,1.0,3.0,8.4,Yes,2025-03-06
1021,Aman Agarwal,21.0,Female,91.8,46.0,50.0,46.0,79.0,70.0,1.0,3.0,2.0,8.0,No,2023-07-21
1701,Simran Yadav,20.0,Female,73.8,62.0,72.0,65.0,95.0,48.0,3.0,2.0,0.0,7.16,Yes,2025-05-31
1072,Pooja Chauhan,20.0,Female,87.5,72.0,52.0,80.0,81.0,63.0,4.0,2.0,2.0,7.67,Yes,2023-09-10
1107,Rahul Singh,20.0,Female,76.8,unknown,76.0,76.0,96.0,72.0,4.0,3.0,1.0,7.46,No,2023-10-15
1271,Manish Verma,21.0,,83.8,64.0,29.0,69.0,89.0,-,6.0,1.0,1.0,6.97,Yes,2024-03-27
1861,Ritik Sharma,21.0,Male,75.0,95.0,67.0,78.0,54.0,49.0,0.0,0.0,0.0,7.34,Yes,2025-11-07
